,date,stock,sent,score
0,2024-03-18 23:08:22,GOOGL,NEGATIVE,0.9843543767929077
1,2024-03-18 23:08:22,GOOGL,NEGATIVE,0.9520809054374695
2,2024-03-18 23:08:22,GOOGL,NEGATIVE,0.9889061450958252
3,2024-03-18 23:08:22,GOOGL,NEGATIVE,0.9935687780380249
4,2024-03-18 23:08:22,GOOGL,NEGATIVE,0.8992100954055786
5,2024-03-18 23:08:22,GOOGL,POSITIVE,0.9988127946853638
6,2024-03-18 23:08:22,GOOGL,POSITIVE,0.9985174536705017
7,2024-03-18 23:08:22,GOOGL,NEGATIVE,0.9921020865440369
8,2024-03-18 23:08:22,GOOGL,NEGATIVE,0.9898644089698792
9,2024-03-18 23:08:22,GOOGL,NEGATIVE,0.998012900352478
10,2024-03-18 23:08:22,GOOGL,NEGATIVE,0.9954401254653931
11,2024-03-18 23:08:22,GOOGL,NEGATIVE,0.9994550347328186
12,2024-03-18 23:08:22,GOOGL,POSITIVE,0.9997398257255554
13,2024-03-18 23:08:22,GOOGL,POSITIVE,0.9986628293991089
14,2024-03-18 23:08:22,GOOGL,NEGATIVE,0.9960771203041077
15,2024-03-18 23:08:22,GOOGL,POSITIVE,0.9692042469978333
16,2024-03-18 23:08:22,GOOGL,POSITIVE,0.9984488487243652
17,2024-03-18 23:08:22,GOOGL,NEGATIVE,0.9884180426597595
18,2024-03-18 23:08:22,GOOGL,POSITIVE,0.9712536334991455
19,2024-03-18 23:08:22,GOOGL,NEGATIVE,0.998299777507782
20,2024-03-18 23:08:22,GOOGL,NEGATIVE,0.9988260865211487
21,2024-03-18 23:08:22,GOOGL,POSITIVE,0.9991108775138855
22,2024-03-18 23:08:22,GOOGL,NEGATIVE,0.9990633130073547
23,2024-03-18 23:08:22,GOOGL,NEGATIVE,0.9894513487815857
24,2024-03-18 23:08:22,GOOGL,NEGATIVE,0.772972047328949
25,2024-03-18 23:08:22,GOOGL,POSITIVE,0.9976670742034912
26,2024-03-18 23:08:22,GOOGL,NEGATIVE,0.9996144771575928
27,2024-03-18 23:08:22,GOOGL,NEGATIVE,0.9993849992752075
28,2024-03-18 23:08:22,GOOGL,NEGATIVE,0.9990512728691101
29,2024-03-18 23:08:22,GOOGL,NEGATIVE,0.787869393825531
30,2024-03-18 23:08:22,GOOGL,NEGATIVE,0.9931307435035706
31,2024-03-18 23:08:22,GOOGL,NEGATIVE,0.9970691800117493
32,2024-03-18 23:08:22,GOOGL,NEGATIVE,0.9828929305076599
33,2024-03-18 23:08:22,GOOGL,NEGATIVE,0.9956493973731995
34,2024-03-18 23:08:22,GOOGL,NEGATIVE,0.8757509589195251
35,2024-03-18 23:08:22,GOOGL,NEGATIVE,0.9782764315605164
36,2024-03-18 23:08:22,GOOGL,NEGATIVE,0.9960315823554993
37,2024-03-18 23:08:22,GOOGL,NEGATIVE,0.9959182143211365
38,2024-03-18 23:08:22,GOOGL,POSITIVE,0.8350189328193665
39,2024-03-18 23:08:22,GOOGL,NEGATIVE,0.9989004135131836
40,2024-03-18 23:08:22,GOOGL,NEGATIVE,0.998230516910553
41,2024-03-18 23:08:22,GOOGL,POSITIVE,0.99982088804245
42,2024-03-18 23:08:22,GOOGL,NEGATIVE,0.7850582599639893
43,2024-03-18 23:08:22,GOOGL,POSITIVE,0.9597710371017456
44,2024-03-18 23:08:22,GOOGL,POSITIVE,0.985776960849762
45,2024-03-18 23:08:22,GOOGL,NEGATIVE,0.9965726137161255
46,2024-03-18 23:08:22,GOOGL,NEGATIVE,0.8360308408737183
47,2024-03-18 23:08:22,GOOGL,NEGATIVE,0.993187665939331
48,2024-03-18 23:08:22,GOOGL,POSITIVE,0.9981379508972168
49,2024-03-18 23:08:22,GOOGL,NEGATIVE,0.997840404510498
50,2024-03-18 23:08:22,GOOGL,NEGATIVE,0.9969658255577087
51,2024-03-18 23:08:22,GOOGL,NEGATIVE,0.9984349608421326
52,2024-03-18 23:08:22,GOOGL,NEGATIVE,0.9689093828201294
53,2024-03-18 23:08:22,GOOGL,NEGATIVE,0.9787100553512573
54,2024-03-18 23:08:22,GOOGL,POSITIVE,0.9516546130180359
55,2024-03-18 23:08:22,GOOGL,NEGATIVE,0.9989928603172302
56,2024-03-18 23:08:22,GOOGL,NEGATIVE,0.9949654936790466
57,2024-03-18 23:08:22,GOOGL,NEGATIVE,0.9912980794906616
58,2024-03-18 23:08:22,GOOGL,NEGATIVE,0.9800236821174622
59,2024-03-18 23:08:22,GOOGL,POSITIVE,0.9998785257339478
60,2024-03-18 23:08:22,GOOGL,POSITIVE,0.9916930794715881
61,2024-03-18 23:08:22,GOOGL,NEGATIVE,0.9919666647911072
62,2024-03-18 23:08:22,GOOGL,POSITIVE,0.8972862362861633
63,2024-03-18 23:08:22,GOOGL,NEGATIVE,0.9985353946685791
64,2024-03-18 23:08:22,GOOGL,POSITIVE,0.9992423057556152
65,2024-03-18 23:08:22,GOOGL,NEGATIVE,0.9736191034317017
66,2024-03-18 23:08:22,GOOGL,NEGATIVE,0.9948896169662476
67,2024-03-18 23:08:22,GOOGL,POSITIVE,0.9983609318733215
68,2024-03-18 23:08:22,GOOGL,POSITIVE,0.9995915293693542
69,2024-03-18 23:08:22,GOOGL,NEGATIVE,0.989825427532196
70,2024-03-18 23:08:22,GOOGL,POSITIVE,0.930634081363678
71,2024-03-18 23:08:22,GOOGL,NEGATIVE,0.6764194369316101
72,2024-03-18 23:08:22,GOOGL,NEGATIVE,0.9956104159355164
73,2024-03-18 23:08:22,GOOGL,NEGATIVE,0.9968523383140564
74,2024-03-18 23:08:22,GOOGL,POSITIVE,0.999863862991333
75,2024-03-18 23:08:22,GOOGL,POSITIVE,0.999665379524231
76,2024-03-18 23:08:22,GOOGL,POSITIVE,0.9096649289131165
77,2024-03-18 23:08:22,GOOGL,NEGATIVE,0.998838484287262
78,2024-03-18 23:08:22,GOOGL,POSITIVE,0.9998552799224854
79,2024-03-18 23:08:22,GOOGL,POSITIVE,0.9998250603675842
80,2024-03-18 23:08:22,GOOGL,POSITIVE,0.9998689889907837
81,2024-03-18 23:08:22,GOOGL,NEGATIVE,0.9986421465873718
82,2024-03-18 23:08:22,GOOGL,NEGATIVE,0.9875026345252991
83,2024-03-18 23:08:22,GOOGL,NEGATIVE,0.994025468826294
84,2024-03-18 23:08:22,GOOGL,NEGATIVE,0.9961369633674622
85,2024-03-18 23:08:22,GOOGL,POSITIVE,0.678047239780426
86,2024-03-18 23:08:22,GOOGL,NEGATIVE,0.9996401071548462
87,2024-03-18 23:08:22,GOOGL,NEGATIVE,0.9926890730857849
88,2024-03-18 23:08:22,GOOGL,NEGATIVE,0.9992691874504089
89,2024-03-18 23:08:22,GOOGL,NEGATIVE,0.9958009123802185
90,2024-03-18 23:08:22,GOOGL,NEGATIVE,0.9887309670448303
91,2024-03-18 23:08:22,GOOGL,NEGATIVE,0.9906585216522217
92,2024-03-18 23:08:22,GOOGL,NEGATIVE,0.9990259408950806
93,2024-03-18 23:08:22,GOOGL,POSITIVE,0.999592125415802
94,2024-03-18 23:08:22,GOOGL,NEGATIVE,0.9870721697807312
95,2024-03-18 23:08:22,GOOGL,NEGATIVE,0.9974924325942993
96,2024-03-18 23:08:22,GOOGL,POSITIVE,0.9469560384750366
97,2024-03-18 23:08:22,GOOGL,NEGATIVE,0.9994608759880066
98,2024-03-18 23:08:22,GOOGL,NEGATIVE,0.9997054934501648
99,2024-03-18 23:08:22,GOOGL,POSITIVE,0.9800917506217957
100,2024-03-18 23:08:22,GOOGL,NEGATIVE,0.9986112117767334
101,2024-03-18 23:08:22,GOOGL,POSITIVE,0.9960685968399048
102,2024-03-18 23:08:22,GOOGL,POSITIVE,0.9997956156730652
103,2024-03-18 23:08:22,GOOGL,POSITIVE,0.9978603720664978
104,2024-03-18 23:08:22,GOOGL,NEGATIVE,0.9965721368789673
105,2024-03-18 23:08:22,GOOGL,POSITIVE,0.8030271530151367
106,2024-03-18 23:08:22,GOOGL,NEGATIVE,0.9973546266555786
107,2024-03-18 23:08:22,GOOGL,NEGATIVE,0.9965389966964722
108,2024-03-18 23:08:22,GOOGL,NEGATIVE,0.9827883839607239
109,2024-03-18 23:08:22,GOOGL,POSITIVE,0.9235398173332214
110,2024-03-18 23:08:22,GOOGL,POSITIVE,0.9966676831245422
111,2024-03-18 23:08:22,GOOGL,POSITIVE,0.9987999200820923
112,2024-03-18 23:08:22,GOOGL,POSITIVE,0.9966225624084473
113,2024-03-18 23:08:22,GOOGL,POSITIVE,0.9934697151184082
114,2024-03-18 23:08:22,GOOGL,NEGATIVE,0.9925439357757568
115,2024-03-18 23:08:22,GOOGL,POSITIVE,0.7656103372573853
116,2024-03-18 23:08:22,GOOGL,NEGATIVE,0.9756048917770386
117,2024-03-18 23:08:22,GOOGL,POSITIVE,0.9968736171722412
118,2024-03-18 23:08:22,GOOGL,POSITIVE,0.9998577833175659
119,2024-03-18 23:08:22,GOOGL,POSITIVE,0.9998587369918823
120,2024-03-18 23:08:22,GOOGL,NEGATIVE,0.6970565319061279
121,2024-03-18 23:08:22,GOOGL,NEGATIVE,0.9965932965278625
122,2024-03-18 23:08:22,GOOGL,NEGATIVE,0.9997926354408264
123,2024-03-18 23:08:22,GOOGL,NEGATIVE,0.9953746199607849
124,2024-03-18 23:08:22,GOOGL,POSITIVE,0.980975866317749
125,2024-03-18 23:08:22,GOOGL,POSITIVE,0.8835839033126831
126,2024-03-18 23:08:22,GOOGL,POSITIVE,0.9961005449295044
127,2024-03-18 23:08:22,GOOGL,NEGATIVE,0.9908141493797302
128,2024-03-18 23:08:22,GOOGL,NEGATIVE,0.9945916533470154
129,2024-03-18 23:08:22,GOOGL,NEGATIVE,0.997979462146759
130,2024-03-18 23:08:22,GOOGL,NEGATIVE,0.9990856647491455
131,2024-03-18 23:08:22,GOOGL,NEGATIVE,0.9926881790161133
132,2024-03-18 23:08:22,GOOGL,POSITIVE,0.986990749835968
133,2024-03-18 23:08:22,GOOGL,NEGATIVE,0.9904611706733704
134,2024-03-18 23:08:22,GOOGL,NEGATIVE,0.9997791647911072
135,2024-03-18 23:08:22,GOOGL,NEGATIVE,0.7439752221107483
136,2024-03-18 23:08:22,GOOGL,POSITIVE,0.9985163807868958
137,2024-03-18 23:08:22,GOOGL,NEGATIVE,0.9990525841712952
138,2024-03-18 23:08:22,GOOGL,POSITIVE,0.828521192073822
139,2024-03-18 23:08:22,GOOGL,POSITIVE,0.9918472766876221
140,2024-03-18 23:08:22,GOOGL,NEGATIVE,0.9652388691902161
141,2024-03-18 23:08:22,GOOGL,NEGATIVE,0.9980803728103638
142,2024-03-18 23:08:22,GOOGL,NEGATIVE,0.9955853223800659
143,2024-03-18 23:08:22,GOOGL,NEGATIVE,0.9995526671409607
144,2024-03-18 23:08:22,GOOGL,POSITIVE,0.998768150806427
145,2024-03-18 23:08:22,GOOGL,NEGATIVE,0.9781733155250549
146,2024-03-18 23:08:22,GOOGL,NEGATIVE,0.999447762966156
147,2024-03-18 23:08:22,GOOGL,NEGATIVE,0.7434878945350647
148,2024-03-18 23:08:22,GOOGL,POSITIVE,0.9696968793869019
149,2024-03-18 23:08:22,GOOGL,POSITIVE,0.9976288676261902
150,2024-03-18 23:08:22,GOOGL,NEGATIVE,0.9996297359466553
151,2024-03-18 23:08:22,GOOGL,POSITIVE,0.9633737802505493
152,2024-03-18 23:08:22,GOOGL,NEGATIVE,0.9643124341964722
153,2024-03-18 23:08:22,GOOGL,NEGATIVE,0.9892144799232483
154,2024-03-18 23:08:22,GOOGL,POSITIVE,0.7978782653808594
155,2024-03-18 23:08:22,GOOGL,POSITIVE,0.973721981048584
156,2024-03-18 23:08:22,GOOGL,NEGATIVE,0.9996733665466309
157,2024-03-18 23:08:22,GOOGL,NEGATIVE,0.9981912970542908
158,2024-03-18 23:08:22,GOOGL,NEGATIVE,0.9797844886779785
159,2024-03-18 23:08:22,GOOGL,POSITIVE,0.9900811314582825
160,2024-03-18 23:08:22,GOOGL,NEGATIVE,0.9654511213302612
161,2024-03-18 23:08:22,GOOGL,NEGATIVE,0.9954850673675537
162,2024-03-18 23:08:22,GOOGL,POSITIVE,0.8630504012107849
163,2024-03-18 23:08:22,GOOGL,NEGATIVE,0.9981598258018494
164,2024-03-18 23:08:22,GOOGL,POSITIVE,0.9582636952400208
165,2024-03-18 23:08:22,GOOGL,NEGATIVE,0.9979648590087891
166,2024-03-18 23:08:22,GOOGL,POSITIVE,0.9958598017692566
167,2024-03-18 23:08:22,GOOGL,POSITIVE,0.9997537732124329
168,2024-03-18 23:08:22,GOOGL,POSITIVE,0.9998098015785217
169,2024-03-18 23:08:22,GOOGL,POSITIVE,0.9060184359550476
170,2024-03-18 23:08:22,GOOGL,POSITIVE,0.9889473915100098
171,2024-03-18 23:08:22,GOOGL,NEGATIVE,0.9915087223052979
172,2024-03-18 23:08:22,GOOGL,NEGATIVE,0.82864910364151
173,2024-03-18 23:08:22,GOOGL,POSITIVE,0.9998587369918823
174,2024-03-18 23:08:22,GOOGL,POSITIVE,0.9998687505722046
175,2024-03-18 23:08:22,GOOGL,POSITIVE,0.9998455047607422
176,2024-03-18 23:08:22,GOOGL,POSITIVE,0.9997318387031555
177,2024-03-18 23:08:22,GOOGL,NEGATIVE,0.9995189905166626
178,2024-03-18 23:08:22,GOOGL,NEGATIVE,0.9989503026008606
179,2024-03-18 23:08:22,GOOGL,NEGATIVE,0.9949554800987244
180,2024-03-18 23:08:22,GOOGL,POSITIVE,0.8765686750411987
181,2024-03-18 23:08:22,GOOGL,POSITIVE,0.9832020401954651
182,2024-03-18 23:08:22,GOOGL,NEGATIVE,0.984588086605072
183,2024-03-18 23:08:22,GOOGL,NEGATIVE,0.9960809350013733
184,2024-03-18 23:08:22,GOOGL,NEGATIVE,0.9990789890289307
185,2024-03-18 23:08:22,GOOGL,NEGATIVE,0.997796893119812
186,2024-03-18 23:08:22,GOOGL,NEGATIVE,0.9956627488136292
187,2024-03-18 23:08:22,GOOGL,NEGATIVE,0.9985440969467163
188,2024-03-18 23:08:22,GOOGL,NEGATIVE,0.9884958267211914
189,2024-03-18 23:08:22,GOOGL,POSITIVE,0.779574990272522
190,2024-03-18 23:08:22,GOOGL,NEGATIVE,0.9828822612762451
191,2024-03-18 23:08:22,GOOGL,POSITIVE,0.8958159685134888
192,2024-03-18 23:08:22,GOOGL,NEGATIVE,0.9213615655899048
193,2024-03-18 23:08:22,GOOGL,POSITIVE,0.9997046589851379
194,2024-03-18 23:08:22,GOOGL,POSITIVE,0.9997039437294006
195,2024-03-18 23:08:22,GOOGL,POSITIVE,0.9870229363441467
197,2024-03-18 23:08:22,GOOGL,NEGATIVE,0.9431612491607666
198,2024-03-18 23:08:22,GOOGL,NEGATIVE,0.9981107711791992
199,2024-03-18 23:08:22,GOOGL,POSITIVE,0.9881545305252075
200,2024-03-18 23:08:22,GOOGL,POSITIVE,0.9983941912651062
201,2024-03-18 23:08:22,GOOGL,POSITIVE,0.999096155166626
202,2024-03-18 23:08:22,GOOGL,NEGATIVE,0.99973064661026
203,2024-03-18 23:08:22,GOOGL,NEGATIVE,0.9997089505195618
204,2024-03-18 23:08:22,GOOGL,NEGATIVE,0.9789733290672302
205,2024-03-18 23:08:22,GOOGL,NEGATIVE,0.6153026223182678
206,2024-03-18 23:08:22,GOOGL,NEGATIVE,0.9874880313873291
207,2024-03-18 23:08:22,GOOGL,POSITIVE,0.997441291809082
209,2024-03-18 23:08:22,GOOGL,POSITIVE,0.977343738079071
210,2024-03-18 23:08:22,GOOGL,NEGATIVE,0.7821068167686462
211,2024-03-18 23:08:22,GOOGL,NEGATIVE,0.9988516569137573
212,2024-03-18 23:08:22,GOOGL,POSITIVE,0.9992770552635193
213,2024-03-18 23:08:22,GOOGL,POSITIVE,0.9998080134391785
214,2024-03-18 23:08:22,GOOGL,NEGATIVE,0.9986951947212219
215,2024-03-18 23:08:22,GOOGL,POSITIVE,0.9930769205093384
216,2024-03-18 23:08:22,GOOGL,POSITIVE,0.9962683320045471
217,2024-03-18 23:08:22,GOOGL,NEGATIVE,0.9944872260093689
218,2024-03-18 23:08:22,GOOGL,NEGATIVE,0.9984682202339172
219,2024-03-18 23:08:22,GOOGL,POSITIVE,0.7000605463981628
220,2024-03-18 23:08:22,GOOGL,NEGATIVE,0.9995825886726379
221,2024-03-18 23:08:22,GOOGL,NEGATIVE,0.9986768364906311
222,2024-03-18 23:08:22,GOOGL,NEGATIVE,0.9941086769104004
223,2024-03-18 23:08:22,GOOGL,POSITIVE,0.5320595502853394
224,2024-03-18 23:08:22,GOOGL,POSITIVE,0.9998242259025574
225,2024-03-18 23:08:22,GOOGL,NEGATIVE,0.9776806831359863
226,2024-03-18 23:08:22,GOOGL,POSITIVE,0.9938094019889832
227,2024-03-18 23:08:22,GOOGL,POSITIVE,0.8513897061347961
228,2024-03-18 23:08:22,GOOGL,NEGATIVE,0.9996967315673828
229,2024-03-18 23:08:22,GOOGL,POSITIVE,0.9997311234474182
230,2024-03-18 23:08:22,GOOGL,NEGATIVE,0.9921550154685974
231,2024-03-18 23:08:22,GOOGL,NEGATIVE,0.990546703338623
232,2024-03-18 23:08:22,GOOGL,NEGATIVE,0.9842315912246704
233,2024-03-18 23:08:22,GOOGL,NEGATIVE,0.9992142915725708
234,2024-03-18 23:08:22,GOOGL,NEGATIVE,0.9990744590759277
235,2024-03-18 23:08:22,GOOGL,POSITIVE,0.9793465733528137
236,2024-03-18 23:08:22,GOOGL,NEGATIVE,0.9994739890098572
237,2024-03-18 23:08:22,GOOGL,NEGATIVE,0.9933579564094543
238,2024-03-18 23:08:22,GOOGL,POSITIVE,0.993552565574646
239,2024-03-18 23:08:22,GOOGL,NEGATIVE,0.9388254284858704
240,2024-03-18 23:08:22,GOOGL,POSITIVE,0.9993166923522949
241,2024-03-18 23:08:22,GOOGL,NEGATIVE,0.9997275471687317
242,2024-03-18 23:08:22,GOOGL,NEGATIVE,0.994533896446228
243,2024-03-18 23:08:22,GOOGL,POSITIVE,0.9000095129013062
244,2024-03-18 23:08:22,GOOGL,POSITIVE,0.9653427004814148
245,2024-03-18 23:08:22,GOOGL,NEGATIVE,0.7531988024711609
246,2024-03-18 23:08:22,GOOGL,NEGATIVE,0.9936152696609497
247,2024-03-18 23:08:22,GOOGL,NEGATIVE,0.9981251358985901
248,2024-03-18 23:08:22,GOOGL,NEGATIVE,0.9360359311103821
249,2024-03-18 23:08:22,GOOGL,POSITIVE,0.9989781379699707
250,2024-03-18 23:08:22,GOOGL,NEGATIVE,0.6115039587020874
251,2024-03-18 23:08:22,GOOGL,POSITIVE,0.9973435997962952
252,2024-03-18 23:08:22,GOOGL,NEGATIVE,0.9979789853096008
253,2024-03-18 23:08:22,GOOGL,POSITIVE,0.5867686867713928
254,2024-03-18 23:08:22,GOOGL,POSITIVE,0.9981153011322021
255,2024-03-18 23:08:22,GOOGL,NEGATIVE,0.9989720582962036
256,2024-03-18 23:08:22,GOOGL,POSITIVE,0.9966937303543091
257,2024-03-18 23:08:22,GOOGL,NEGATIVE,0.8336232900619507
258,2024-03-18 23:08:22,GOOGL,NEGATIVE,0.9984812140464783
259,2024-03-18 23:08:22,GOOGL,POSITIVE,0.9998199343681335
260,2024-03-18 23:08:22,GOOGL,NEGATIVE,0.9992954730987549
261,2024-03-18 23:08:22,GOOGL,NEGATIVE,0.9995651841163635
262,2024-03-18 23:08:22,GOOGL,NEGATIVE,0.9877496361732483
263,2024-03-18 23:08:22,GOOGL,NEGATIVE,0.995999813079834
264,2024-03-18 23:08:22,GOOGL,NEGATIVE,0.9975956082344055
265,2024-03-18 23:08:22,GOOGL,POSITIVE,0.795796811580658
266,2024-03-18 23:08:22,GOOGL,POSITIVE,0.9886986613273621
268,2024-03-18 23:08:22,GOOGL,NEGATIVE,0.9934893846511841
269,2024-03-18 23:08:22,GOOGL,NEGATIVE,0.9997636675834656
270,2024-03-18 23:08:22,GOOGL,NEGATIVE,0.9997606873512268
271,2024-03-18 23:08:22,GOOGL,NEGATIVE,0.9934388995170593
272,2024-03-18 23:08:22,GOOGL,POSITIVE,0.9881786704063416
273,2024-03-18 23:08:22,GOOGL,NEGATIVE,0.99687260389328
274,2024-03-18 23:08:22,GOOGL,POSITIVE,0.9970843195915222
275,2024-03-18 23:08:22,GOOGL,NEGATIVE,0.986126720905304
276,2024-03-18 23:08:22,GOOGL,NEGATIVE,0.998839795589447
277,2024-03-18 23:08:22,GOOGL,NEGATIVE,0.9964715242385864
278,2024-03-18 23:08:22,GOOGL,POSITIVE,0.9991795420646667
279,2024-03-18 23:08:22,GOOGL,POSITIVE,0.997730553150177
280,2024-03-18 23:08:22,GOOGL,POSITIVE,0.9869099259376526
281,2024-03-18 23:08:22,GOOGL,POSITIVE,0.9604038596153259
282,2024-03-18 23:08:22,GOOGL,POSITIVE,0.9995954632759094
283,2024-03-18 23:08:22,GOOGL,NEGATIVE,0.9641823172569275
284,2024-03-18 23:08:22,GOOGL,NEGATIVE,0.9896957874298096
285,2024-03-18 23:08:22,GOOGL,NEGATIVE,0.6970565319061279
286,2024-03-18 23:08:22,GOOGL,NEGATIVE,0.9832113981246948
287,2024-03-18 23:08:22,GOOGL,NEGATIVE,0.9953190684318542
288,2024-03-18 23:08:22,GOOGL,NEGATIVE,0.979099452495575
289,2024-03-18 23:08:22,GOOGL,NEGATIVE,0.9959599375724792
290,2024-03-18 23:08:22,GOOGL,NEGATIVE,0.9932453036308289
291,2024-03-18 23:08:22,GOOGL,NEGATIVE,0.9980252981185913
292,2024-03-18 23:08:22,GOOGL,NEGATIVE,0.9964689016342163
293,2024-03-18 23:08:22,GOOGL,POSITIVE,0.8718799352645874
294,2024-03-18 23:08:22,GOOGL,NEGATIVE,0.9995772242546082
296,2024-03-18 23:08:22,GOOGL,POSITIVE,0.950111448764801
297,2024-03-18 23:08:22,GOOGL,NEGATIVE,0.9991406202316284
298,2024-03-18 23:08:22,GOOGL,NEGATIVE,0.9704456329345703
299,2024-03-18 23:08:22,GOOGL,POSITIVE,0.9969948530197144
300,2024-03-18 23:08:22,GOOGL,NEGATIVE,0.9979774355888367
301,2024-03-18 23:08:22,GOOGL,NEGATIVE,0.9786491990089417
302,2024-03-18 23:08:22,GOOGL,NEGATIVE,0.9982275366783142
303,2024-03-18 23:08:22,GOOGL,NEGATIVE,0.9027928709983826
304,2024-03-18 23:08:22,GOOGL,POSITIVE,0.992343008518219
305,2024-03-18 23:08:22,GOOGL,NEGATIVE,0.9398474097251892
306,2024-03-18 23:08:22,GOOGL,NEGATIVE,0.9993483424186707
307,2024-03-18 23:08:22,GOOGL,NEGATIVE,0.9955484867095947
308,2024-03-18 23:08:22,GOOGL,POSITIVE,0.979407787322998
309,2024-03-18 23:08:22,GOOGL,NEGATIVE,0.9992297887802124
310,2024-03-18 23:08:22,GOOGL,NEGATIVE,0.9972199201583862
311,2024-03-18 23:08:22,GOOGL,POSITIVE,0.9908150434494019
312,2024-03-18 23:08:22,GOOGL,NEGATIVE,0.9979752898216248
313,2024-03-18 23:08:22,GOOGL,NEGATIVE,0.9707372784614563
314,2024-03-18 23:08:22,GOOGL,NEGATIVE,0.9533851146697998
315,2024-03-18 23:08:22,GOOGL,NEGATIVE,0.6970565319061279
316,2024-03-18 23:08:22,GOOGL,NEGATIVE,0.9864780902862549
317,2024-03-18 23:08:22,GOOGL,NEGATIVE,0.8081444501876831
318,2024-03-18 23:08:22,GOOGL,NEGATIVE,0.9934923052787781
319,2024-03-18 23:08:22,GOOGL,NEGATIVE,0.9954558610916138
320,2024-03-18 23:08:22,GOOGL,NEGATIVE,0.9993027448654175
321,2024-03-18 23:08:22,GOOGL,POSITIVE,0.9978849291801453
322,2024-03-18 23:08:22,GOOGL,NEGATIVE,0.9962618947029114
323,2024-03-18 23:08:22,GOOGL,POSITIVE,0.9876267313957214
324,2024-03-18 23:08:22,GOOGL,NEGATIVE,0.9350012540817261
325,2024-03-18 23:08:22,GOOGL,NEGATIVE,0.9788943529129028
326,2024-03-18 23:08:22,GOOGL,NEGATIVE,0.9947648048400879
327,2024-03-18 23:08:22,GOOGL,POSITIVE,0.9865518808364868
328,2024-03-18 23:08:22,GOOGL,POSITIVE,0.9895618557929993
329,2024-03-18 23:08:22,GOOGL,POSITIVE,0.9927656650543213
330,2024-03-18 23:08:22,GOOGL,POSITIVE,0.9963749051094055
331,2024-03-18 23:08:22,GOOGL,NEGATIVE,0.9994598031044006
332,2024-03-18 23:08:22,GOOGL,NEGATIVE,0.99980229139328
333,2024-03-18 23:08:22,GOOGL,POSITIVE,0.9987102746963501
334,2024-03-18 23:08:22,GOOGL,NEGATIVE,0.6970565319061279
335,2024-03-18 23:08:22,GOOGL,NEGATIVE,0.9991162419319153
336,2024-03-18 23:08:22,GOOGL,NEGATIVE,0.9993832111358643
337,2024-03-18 23:08:22,GOOGL,NEGATIVE,0.9870930314064026
338,2024-03-18 23:08:22,GOOGL,POSITIVE,0.992270827293396
339,2024-03-18 23:08:22,GOOGL,NEGATIVE,0.8437756299972534
340,2024-03-18 23:08:22,GOOGL,POSITIVE,0.9998233914375305
341,2024-03-18 23:08:22,GOOGL,NEGATIVE,0.9915139079093933
342,2024-03-18 23:08:22,GOOGL,NEGATIVE,0.9979148507118225
343,2024-03-18 23:08:22,GOOGL,POSITIVE,0.9976021647453308
344,2024-03-18 23:08:22,GOOGL,NEGATIVE,0.9214755296707153
345,2024-03-18 23:08:22,GOOGL,NEGATIVE,0.6970565319061279
346,2024-03-18 23:08:22,GOOGL,NEGATIVE,0.999388575553894
347,2024-03-18 23:08:22,GOOGL,POSITIVE,0.9995235204696655
348,2024-03-18 23:08:22,GOOGL,POSITIVE,0.9774832725524902
349,2024-03-18 23:08:22,GOOGL,NEGATIVE,0.9792999625205994
350,2024-03-18 23:08:22,GOOGL,NEGATIVE,0.99538654088974
351,2024-03-18 23:08:22,GOOGL,POSITIVE,0.9988651275634766
352,2024-03-18 23:08:22,GOOGL,POSITIVE,0.980436384677887
353,2023-01-17 08:24:43,GOOGL,POSITIVE,0.9210490584373474
354,2023-01-17 08:24:43,GOOGL,NEGATIVE,0.9970332384109497
355,2023-01-17 08:24:43,GOOGL,POSITIVE,0.9991031885147095
356,2023-01-17 08:24:43,GOOGL,NEGATIVE,0.9963059425354004
357,2023-01-17 08:24:43,GOOGL,POSITIVE,0.9998267292976379
358,2023-01-17 08:24:43,GOOGL,POSITIVE,0.5018531084060669
359,2023-01-17 08:24:43,GOOGL,NEGATIVE,0.9926909804344177
360,2023-01-17 08:24:43,GOOGL,POSITIVE,0.9967384934425354
361,2023-01-17 08:24:43,GOOGL,NEGATIVE,0.9836180806159973
362,2023-01-17 08:24:43,GOOGL,NEGATIVE,0.5264412760734558
363,2023-01-17 08:24:43,GOOGL,POSITIVE,0.9997783303260803
364,2023-01-17 08:24:43,GOOGL,NEGATIVE,0.9941038489341736
365,2023-01-17 08:24:43,GOOGL,NEGATIVE,0.9988648891448975
366,2023-01-17 08:24:43,GOOGL,NEGATIVE,0.9971039891242981
367,2023-01-17 08:24:43,GOOGL,NEGATIVE,0.9958477020263672
368,2023-01-17 08:24:43,GOOGL,NEGATIVE,0.99934321641922
369,2023-01-17 08:24:43,GOOGL,NEGATIVE,0.9997702240943909
370,2023-01-17 08:24:43,GOOGL,NEGATIVE,0.9759737849235535
371,2023-01-17 08:24:43,GOOGL,NEGATIVE,0.9976438879966736
372,2023-01-17 08:24:43,GOOGL,POSITIVE,0.9981847405433655
373,2023-01-17 08:24:43,GOOGL,NEGATIVE,0.9996508359909058
374,2023-01-17 08:24:43,GOOGL,POSITIVE,0.9705218076705933
375,2023-01-17 08:24:43,GOOGL,POSITIVE,0.9909850358963013
376,2023-01-17 08:24:43,GOOGL,NEGATIVE,0.9847974181175232
377,2023-01-17 08:24:43,GOOGL,POSITIVE,0.9908603429794312
378,2023-01-17 08:24:43,GOOGL,POSITIVE,0.9533929228782654
379,2023-01-17 08:24:43,GOOGL,POSITIVE,0.9894697666168213
380,2023-01-17 08:24:43,GOOGL,POSITIVE,0.9767027497291565
381,2023-01-17 08:24:43,GOOGL,NEGATIVE,0.9885886907577515
382,2023-01-17 08:24:43,GOOGL,NEGATIVE,0.999036431312561
383,2023-01-17 08:24:43,GOOGL,NEGATIVE,0.9306902289390564
384,2023-01-17 08:24:43,GOOGL,NEGATIVE,0.9945915341377258
385,2023-01-17 08:24:43,GOOGL,POSITIVE,0.9970644116401672
386,2023-01-17 08:24:43,GOOGL,NEGATIVE,0.9996639490127563
387,2023-01-17 08:24:43,GOOGL,NEGATIVE,0.9684840440750122
388,2023-01-17 08:24:43,GOOGL,POSITIVE,0.9962009787559509
389,2023-01-17 08:24:43,GOOGL,NEGATIVE,0.9865019917488098
390,2023-01-17 08:24:43,GOOGL,NEGATIVE,0.9991381168365479
391,2023-01-17 08:24:43,GOOGL,NEGATIVE,0.9882176518440247
392,2023-01-17 08:24:43,GOOGL,NEGATIVE,0.9521011114120483
393,2023-01-17 08:24:43,GOOGL,NEGATIVE,0.9935751557350159
394,2023-01-17 08:24:43,GOOGL,NEGATIVE,0.9996542930603027
395,2023-01-17 08:24:43,GOOGL,NEGATIVE,0.9940723776817322
396,2023-01-17 08:24:43,GOOGL,NEGATIVE,0.9990529417991638
397,2023-01-17 08:24:43,GOOGL,NEGATIVE,0.9902231693267822
398,2023-01-17 08:24:43,GOOGL,NEGATIVE,0.690632700920105
399,2023-01-17 08:24:43,GOOGL,NEGATIVE,0.9992567896842957
400,2023-01-17 08:24:43,GOOGL,POSITIVE,0.9986687898635864
401,2023-01-17 08:24:43,GOOGL,POSITIVE,0.8685778975486755
402,2023-01-17 08:24:43,GOOGL,POSITIVE,0.99595707654953
403,2023-01-17 08:24:43,GOOGL,POSITIVE,0.9998140931129456
404,2023-01-17 08:24:43,GOOGL,NEGATIVE,0.9789196252822876
405,2023-01-17 08:24:43,GOOGL,NEGATIVE,0.8424552083015442
406,2023-01-17 08:24:43,GOOGL,NEGATIVE,0.7609531879425049
407,2023-01-17 08:24:43,GOOGL,POSITIVE,0.8249279260635376
408,2023-01-17 08:24:43,GOOGL,NEGATIVE,0.988966166973114
409,2023-01-17 08:24:43,GOOGL,NEGATIVE,0.9572682976722717
410,2023-01-17 08:24:43,GOOGL,POSITIVE,0.8776456117630005
411,2023-01-17 08:24:43,GOOGL,POSITIVE,0.6928377747535706
412,2023-01-17 08:24:43,GOOGL,NEGATIVE,0.9842982292175293
413,2023-01-17 08:24:43,GOOGL,POSITIVE,0.9996030926704407
414,2023-01-17 08:24:43,GOOGL,POSITIVE,0.9992528557777405
415,2023-01-17 08:24:43,GOOGL,NEGATIVE,0.9814954400062561
416,2023-01-17 08:24:43,GOOGL,POSITIVE,0.9995071887969971
417,2023-01-17 08:24:43,GOOGL,NEGATIVE,0.9996892213821411
418,2023-01-17 08:24:43,GOOGL,POSITIVE,0.9900936484336853
419,2023-01-17 08:24:43,GOOGL,NEGATIVE,0.9975236058235168
420,2023-01-17 08:24:43,GOOGL,NEGATIVE,0.9936343431472778
421,2023-01-17 08:24:43,GOOGL,NEGATIVE,0.9900847673416138
422,2023-01-17 08:24:43,GOOGL,NEGATIVE,0.9991146922111511
423,2023-01-17 08:24:43,GOOGL,POSITIVE,0.9973543882369995
424,2023-01-17 08:24:43,GOOGL,NEGATIVE,0.9710587859153748
425,2023-01-17 08:24:43,GOOGL,NEGATIVE,0.9857689738273621
426,2023-01-17 08:24:43,GOOGL,NEGATIVE,0.9954197406768799
427,2023-01-17 08:24:43,GOOGL,POSITIVE,0.9993244409561157
428,2023-01-17 08:24:43,GOOGL,POSITIVE,0.9997105002403259
429,2023-01-17 08:24:43,GOOGL,POSITIVE,0.9988018274307251
430,2023-01-17 08:24:43,GOOGL,NEGATIVE,0.997018575668335
431,2023-01-17 08:24:43,GOOGL,NEGATIVE,0.9996626377105713
432,2023-01-17 08:24:43,GOOGL,POSITIVE,0.5167104005813599
433,2023-01-17 08:24:43,GOOGL,NEGATIVE,0.9857332706451416
434,2023-01-17 08:24:43,GOOGL,NEGATIVE,0.9986339211463928
435,2023-01-17 08:24:43,GOOGL,NEGATIVE,0.9876062273979187
436,2023-01-17 08:24:43,GOOGL,POSITIVE,0.9997377991676331
437,2023-01-17 08:24:43,GOOGL,NEGATIVE,0.9996054768562317
438,2023-01-17 08:24:43,GOOGL,NEGATIVE,0.9240421652793884
439,2023-01-17 08:24:43,GOOGL,POSITIVE,0.6778007745742798
440,2023-01-17 08:24:43,GOOGL,POSITIVE,0.9998798370361328
441,2023-01-17 08:24:43,GOOGL,NEGATIVE,0.9860175251960754
442,2023-01-17 08:24:43,GOOGL,NEGATIVE,0.9976112842559814
443,2023-01-17 08:24:43,GOOGL,NEGATIVE,0.9987200498580933
444,2023-01-17 08:24:43,GOOGL,NEGATIVE,0.9983178377151489
445,2023-01-17 08:24:43,GOOGL,POSITIVE,0.9985224604606628
446,2023-01-17 08:24:43,GOOGL,NEGATIVE,0.994434654712677
447,2023-01-17 08:24:43,GOOGL,NEGATIVE,0.9993153810501099
448,2023-01-17 08:24:43,GOOGL,NEGATIVE,0.9995393753051758
449,2023-01-17 08:24:43,GOOGL,NEGATIVE,0.9875848293304443
450,2023-01-17 08:24:43,GOOGL,NEGATIVE,0.9988870024681091
451,2023-01-17 08:24:43,GOOGL,NEGATIVE,0.7638662457466125
452,2023-01-17 08:24:43,GOOGL,POSITIVE,0.9927679300308228
453,2023-01-17 08:24:43,GOOGL,NEGATIVE,0.9988476037979126
454,2023-01-17 08:24:43,GOOGL,NEGATIVE,0.93366539478302
455,2023-01-17 08:24:43,GOOGL,NEGATIVE,0.9992884397506714
456,2023-01-17 08:24:43,GOOGL,POSITIVE,0.9993066787719727
457,2023-01-17 08:24:43,GOOGL,NEGATIVE,0.9960883855819702
458,2023-01-17 08:24:43,GOOGL,NEGATIVE,0.9996395111083984
459,2023-01-17 08:24:43,GOOGL,NEGATIVE,0.9928165674209595
460,2023-01-17 08:24:43,GOOGL,NEGATIVE,0.9987794756889343
461,2023-01-17 08:24:43,GOOGL,NEGATIVE,0.9997236132621765
462,2023-01-17 08:24:43,GOOGL,NEGATIVE,0.9994300007820129
463,2023-01-17 08:24:43,GOOGL,NEGATIVE,0.9944525361061096
464,2023-01-17 08:24:43,GOOGL,POSITIVE,0.999799907207489
465,2023-01-17 08:24:43,GOOGL,NEGATIVE,0.9771325588226318
466,2023-01-17 08:24:43,GOOGL,POSITIVE,0.8081608414649963
467,2023-01-17 08:24:43,GOOGL,POSITIVE,0.9929003715515137
468,2023-01-17 08:24:43,GOOGL,POSITIVE,0.9996813535690308
469,2023-01-17 08:24:43,GOOGL,POSITIVE,0.9839311242103577
470,2023-01-17 08:24:43,GOOGL,NEGATIVE,0.9992639422416687
472,2023-01-17 08:24:43,GOOGL,NEGATIVE,0.999731719493866
473,2023-01-17 08:24:43,GOOGL,POSITIVE,0.9998569488525391
474,2023-01-17 08:24:43,GOOGL,NEGATIVE,0.999679446220398
475,2023-01-17 08:24:43,GOOGL,NEGATIVE,0.9995554089546204
476,2023-01-17 08:24:43,GOOGL,NEGATIVE,0.7449226379394531
477,2023-01-17 08:24:43,GOOGL,NEGATIVE,0.9997965693473816
478,2023-01-17 08:24:43,GOOGL,NEGATIVE,0.9998226761817932
479,2023-01-17 08:24:43,GOOGL,NEGATIVE,0.9992018342018127
480,2023-01-17 08:24:43,GOOGL,NEGATIVE,0.7832537293434143
481,2023-01-17 08:24:43,GOOGL,NEGATIVE,0.9991583824157715
482,2023-01-17 08:24:43,GOOGL,NEGATIVE,0.9994605183601379
483,2023-01-17 08:24:43,GOOGL,NEGATIVE,0.9996916055679321
484,2023-01-17 08:24:43,GOOGL,NEGATIVE,0.9995419979095459
485,2023-01-17 08:24:43,GOOGL,NEGATIVE,0.9997603297233582
486,2023-01-17 08:24:43,GOOGL,NEGATIVE,0.999603807926178
487,2023-01-17 08:24:43,GOOGL,NEGATIVE,0.6992426514625549
488,2023-01-17 08:24:43,GOOGL,NEGATIVE,0.9848907589912415
489,2023-01-17 08:24:43,GOOGL,NEGATIVE,0.8860209584236145
490,2023-01-17 08:24:43,GOOGL,POSITIVE,0.9900177121162415
491,2023-01-17 08:24:43,GOOGL,NEGATIVE,0.9996742010116577
492,2023-01-17 08:24:43,GOOGL,POSITIVE,0.9809712767601013
493,2023-01-17 08:24:43,GOOGL,NEGATIVE,0.9843994379043579
494,2023-01-17 08:24:43,GOOGL,NEGATIVE,0.9973357319831848
495,2023-01-17 08:24:43,GOOGL,NEGATIVE,0.9876580834388733
496,2023-01-17 08:24:43,GOOGL,POSITIVE,0.9817137122154236
497,2023-01-17 08:24:43,GOOGL,NEGATIVE,0.9992440938949585
498,2023-01-17 08:24:43,GOOGL,POSITIVE,0.9984832406044006
499,2023-01-17 08:24:43,GOOGL,NEGATIVE,0.9947627186775208
500,2023-01-17 08:24:43,GOOGL,NEGATIVE,0.9971676468849182
501,2023-01-17 08:24:43,GOOGL,POSITIVE,0.9859683513641357
502,2023-01-17 08:24:43,GOOGL,NEGATIVE,0.9823377132415771
503,2023-01-17 08:24:43,GOOGL,NEGATIVE,0.9283000826835632
504,2023-01-17 08:24:43,GOOGL,NEGATIVE,0.9995511174201965
505,2023-01-17 08:24:43,GOOGL,NEGATIVE,0.782353937625885
507,2023-01-17 08:24:43,GOOGL,POSITIVE,0.9965115189552307
508,2023-01-17 08:24:43,GOOGL,POSITIVE,0.9996165037155151
509,2023-01-17 08:24:43,GOOGL,NEGATIVE,0.8011535406112671
510,2023-01-17 08:24:43,GOOGL,POSITIVE,0.9928364157676697
511,2023-01-17 08:24:43,GOOGL,NEGATIVE,0.9978850483894348
512,2023-01-17 08:24:43,GOOGL,NEGATIVE,0.9950641989707947
513,2023-01-17 08:24:43,GOOGL,NEGATIVE,0.9995986819267273
514,2023-01-17 08:24:43,GOOGL,NEGATIVE,0.9997466206550598
515,2023-01-17 08:24:43,GOOGL,NEGATIVE,0.9952396154403687
516,2023-01-17 08:24:43,GOOGL,NEGATIVE,0.9909294247627258
517,2023-01-17 08:24:43,GOOGL,POSITIVE,0.9317216873168945
518,2023-01-17 08:24:43,GOOGL,POSITIVE,0.9972073435783386
519,2023-01-17 08:24:43,GOOGL,POSITIVE,0.9340247511863708
520,2023-01-17 08:24:43,GOOGL,NEGATIVE,0.9997250437736511
521,2023-01-17 08:24:43,GOOGL,NEGATIVE,0.9957177042961121
522,2023-01-17 08:24:43,GOOGL,NEGATIVE,0.9955273270606995
523,2023-01-17 08:24:43,GOOGL,NEGATIVE,0.9998005032539368
524,2023-01-17 08:24:43,GOOGL,NEGATIVE,0.9994484782218933
525,2023-01-17 08:24:43,GOOGL,POSITIVE,0.9998376369476318
526,2023-01-17 08:24:43,GOOGL,NEGATIVE,0.9962961077690125
527,2023-01-17 08:24:43,GOOGL,NEGATIVE,0.995474636554718
528,2023-01-17 08:24:43,GOOGL,NEGATIVE,0.9993742108345032
529,2023-01-17 08:24:43,GOOGL,NEGATIVE,0.9988160133361816
530,2023-01-17 08:24:43,GOOGL,NEGATIVE,0.9975294470787048
531,2023-01-17 08:24:43,GOOGL,POSITIVE,0.7434200048446655
532,2023-01-17 08:24:43,GOOGL,POSITIVE,0.9887069463729858
533,2023-01-17 08:24:43,GOOGL,NEGATIVE,0.9984903335571289
534,2023-01-17 08:24:43,GOOGL,NEGATIVE,0.9475231170654297
535,2023-01-17 08:24:43,GOOGL,NEGATIVE,0.9885508418083191
536,2023-01-17 08:24:43,GOOGL,NEGATIVE,0.9989609718322754
537,2023-01-17 08:24:43,GOOGL,NEGATIVE,0.9867837429046631
538,2023-01-17 08:24:43,GOOGL,NEGATIVE,0.9969252943992615
539,2023-01-17 08:24:43,GOOGL,NEGATIVE,0.9981502294540405
540,2023-01-17 08:24:43,GOOGL,NEGATIVE,0.9993126392364502
541,2023-01-17 08:24:43,GOOGL,POSITIVE,0.999752938747406
543,2023-01-17 08:24:43,GOOGL,POSITIVE,0.9826258420944214
544,2023-01-17 08:24:43,GOOGL,NEGATIVE,0.9920282959938049
545,2023-01-17 08:24:43,GOOGL,POSITIVE,0.997977077960968
546,2023-01-17 08:24:43,GOOGL,NEGATIVE,0.992021381855011
547,2023-01-17 08:24:43,GOOGL,POSITIVE,0.9977418184280396
548,2023-01-17 08:24:43,GOOGL,NEGATIVE,0.9977502226829529
549,2023-01-17 08:24:43,GOOGL,NEGATIVE,0.998814582824707
550,2023-01-17 08:24:43,GOOGL,POSITIVE,0.9927777647972107
551,2023-01-17 08:24:43,GOOGL,NEGATIVE,0.9900655746459961
552,2023-01-17 08:24:43,GOOGL,POSITIVE,0.8627081513404846
553,2023-01-17 08:24:43,GOOGL,NEGATIVE,0.9983397722244263
554,2023-01-17 08:24:43,GOOGL,POSITIVE,0.9844277501106262
555,2023-01-17 08:24:43,GOOGL,POSITIVE,0.8907371759414673
556,2023-01-17 08:24:43,GOOGL,POSITIVE,0.9998804330825806
557,2023-01-17 08:24:43,GOOGL,POSITIVE,0.9998262524604797
558,2023-01-17 08:24:43,GOOGL,POSITIVE,0.9983267188072205
559,2023-01-17 08:24:43,GOOGL,NEGATIVE,0.9617757201194763
560,2023-01-17 08:24:43,GOOGL,POSITIVE,0.9992344379425049
561,2023-01-17 08:24:43,GOOGL,NEGATIVE,0.9995562434196472
562,2023-01-17 08:24:43,GOOGL,NEGATIVE,0.9993835687637329
563,2023-01-17 08:24:43,GOOGL,NEGATIVE,0.983715832233429
564,2023-01-17 08:24:43,GOOGL,POSITIVE,0.9881729483604431
566,2023-01-17 08:24:43,GOOGL,NEGATIVE,0.9957296252250671
567,2023-01-17 08:24:43,GOOGL,NEGATIVE,0.9733816385269165
568,2023-01-17 08:24:43,GOOGL,POSITIVE,0.999140739440918
569,2023-01-17 08:24:43,GOOGL,POSITIVE,0.9294583797454834
570,2023-01-17 08:24:43,GOOGL,POSITIVE,0.9986602067947388
571,2023-01-17 08:24:43,GOOGL,NEGATIVE,0.9105792045593262
572,2023-01-17 08:24:43,GOOGL,POSITIVE,0.9835776090621948
573,2023-01-17 08:24:43,GOOGL,POSITIVE,0.9810593724250793
574,2023-01-17 08:24:43,GOOGL,POSITIVE,0.5886868834495544
575,2023-01-17 08:24:43,GOOGL,POSITIVE,0.9951862692832947
576,2023-01-17 08:24:43,GOOGL,POSITIVE,0.9853211045265198
577,2023-01-17 08:24:43,GOOGL,POSITIVE,0.9931707382202148
578,2023-01-17 08:24:43,GOOGL,NEGATIVE,0.9997009038925171
579,2023-01-17 08:24:43,GOOGL,NEGATIVE,0.9992141723632812
580,2023-01-17 08:24:43,GOOGL,POSITIVE,0.9993066787719727
581,2023-01-17 08:24:43,GOOGL,NEGATIVE,0.9867710471153259
582,2023-01-17 08:24:43,GOOGL,POSITIVE,0.998291552066803
583,2023-01-17 08:24:43,GOOGL,POSITIVE,0.9997358918190002
584,2023-01-17 08:24:43,GOOGL,POSITIVE,0.9993495345115662
585,2023-01-17 08:24:43,GOOGL,NEGATIVE,0.9955234527587891
586,2023-01-17 08:24:43,GOOGL,NEGATIVE,0.9859126210212708
587,2023-01-17 08:24:43,GOOGL,NEGATIVE,0.9923015832901001
588,2023-01-17 08:24:43,GOOGL,NEGATIVE,0.9995922446250916
589,2023-01-17 08:24:43,GOOGL,POSITIVE,0.704983115196228
590,2023-01-17 08:24:43,GOOGL,NEGATIVE,0.9930906295776367
591,2023-01-17 08:24:43,GOOGL,NEGATIVE,0.9756929278373718
592,2023-01-17 08:24:43,GOOGL,POSITIVE,0.9985658526420593
593,2023-01-17 08:24:43,GOOGL,NEGATIVE,0.9797254204750061
594,2023-01-17 08:24:43,GOOGL,NEGATIVE,0.9975314140319824
595,2023-01-17 08:24:43,GOOGL,NEGATIVE,0.9872795343399048
596,2023-01-17 08:24:43,GOOGL,POSITIVE,0.9997884631156921
597,2023-01-17 08:24:43,GOOGL,POSITIVE,0.9935770630836487
598,2023-01-17 08:24:43,GOOGL,POSITIVE,0.9252145886421204
599,2023-01-17 08:24:43,GOOGL,POSITIVE,0.9897425770759583
600,2023-01-17 08:24:43,GOOGL,NEGATIVE,0.9997684359550476
601,2023-01-17 08:24:43,GOOGL,NEGATIVE,0.9995243549346924
602,2023-01-17 08:24:43,GOOGL,POSITIVE,0.7621634006500244
603,2023-01-17 08:24:43,GOOGL,POSITIVE,0.9998352527618408
604,2023-01-17 08:24:43,GOOGL,NEGATIVE,0.9721488356590271
605,2023-01-17 08:24:43,GOOGL,POSITIVE,0.9732690453529358
606,2023-01-17 08:24:43,GOOGL,NEGATIVE,0.996696949005127
607,2023-01-17 08:24:43,GOOGL,NEGATIVE,0.9983925223350525
608,2023-01-17 08:24:43,GOOGL,NEGATIVE,0.998047947883606
609,2023-01-17 08:24:43,GOOGL,NEGATIVE,0.9934806823730469
610,2023-01-17 08:24:43,GOOGL,POSITIVE,0.9889197945594788
611,2023-01-17 08:24:43,GOOGL,NEGATIVE,0.9950373768806458
612,2023-01-17 08:24:43,GOOGL,NEGATIVE,0.9959586262702942
613,2023-01-17 08:24:43,GOOGL,NEGATIVE,0.9951289892196655
614,2023-01-17 08:24:43,GOOGL,POSITIVE,0.997154712677002
615,2023-01-17 08:24:43,GOOGL,POSITIVE,0.910357654094696
616,2023-01-17 08:24:43,GOOGL,NEGATIVE,0.9921789169311523
617,2023-01-17 08:24:43,GOOGL,POSITIVE,0.9934967756271362
618,2023-01-17 08:24:43,GOOGL,NEGATIVE,0.9980925917625427
619,2023-01-17 08:24:43,GOOGL,POSITIVE,0.992012083530426
620,2023-01-17 08:24:43,GOOGL,POSITIVE,0.6078779697418213
621,2023-01-17 08:24:43,GOOGL,NEGATIVE,0.9996494054794312
622,2023-01-17 08:24:43,GOOGL,NEGATIVE,0.9995139837265015
623,2023-01-17 08:24:43,GOOGL,NEGATIVE,0.9987510442733765
624,2023-01-17 08:24:43,GOOGL,POSITIVE,0.9911305904388428
625,2023-01-17 08:24:43,GOOGL,NEGATIVE,0.999384880065918
626,2023-01-17 08:24:43,GOOGL,NEGATIVE,0.998648464679718
627,2023-01-17 08:24:43,GOOGL,NEGATIVE,0.9996631145477295
628,2023-01-17 08:24:43,GOOGL,NEGATIVE,0.778423547744751
629,2023-01-17 08:24:43,GOOGL,NEGATIVE,0.9950908422470093
630,2023-01-17 08:24:43,GOOGL,POSITIVE,0.9994146823883057
631,2023-01-17 08:24:43,GOOGL,POSITIVE,0.9974983334541321
632,2023-01-17 08:24:43,GOOGL,NEGATIVE,0.9162752628326416
633,2023-01-17 08:24:43,GOOGL,POSITIVE,0.9931354522705078
634,2023-01-17 08:24:43,GOOGL,POSITIVE,0.6315537691116333
635,2023-01-17 08:24:43,GOOGL,NEGATIVE,0.9982008934020996
636,2023-01-17 08:24:43,GOOGL,POSITIVE,0.9866634607315063
637,2023-01-17 08:24:43,GOOGL,NEGATIVE,0.996225118637085
638,2023-01-17 08:24:43,GOOGL,NEGATIVE,0.9994076490402222
639,2023-01-17 08:24:43,GOOGL,NEGATIVE,0.998435914516449
640,2023-01-17 08:24:43,GOOGL,NEGATIVE,0.997730553150177
641,2023-01-17 08:24:43,GOOGL,NEGATIVE,0.9991052746772766
642,2023-01-17 08:24:43,GOOGL,POSITIVE,0.9706449508666992
643,2023-01-17 08:24:43,GOOGL,NEGATIVE,0.9982813596725464
644,2023-01-17 08:24:43,GOOGL,POSITIVE,0.7776914834976196
645,2023-01-17 08:24:43,GOOGL,NEGATIVE,0.9891039133071899
646,2023-01-17 08:24:43,GOOGL,NEGATIVE,0.9662325978279114
647,2023-01-17 08:24:43,GOOGL,NEGATIVE,0.9997071623802185
648,2023-01-17 08:24:43,GOOGL,NEGATIVE,0.9985187649726868
649,2023-01-17 08:24:43,GOOGL,POSITIVE,0.9988794922828674
650,2023-01-17 08:24:43,GOOGL,NEGATIVE,0.9991057515144348
651,2023-01-17 08:24:43,GOOGL,POSITIVE,0.9907822012901306
652,2023-01-17 08:24:43,GOOGL,POSITIVE,0.9998446702957153
653,2023-01-17 08:24:43,GOOGL,NEGATIVE,0.9961320161819458
654,2023-01-17 08:24:43,GOOGL,NEGATIVE,0.9429091215133667
655,2023-01-17 08:24:43,GOOGL,NEGATIVE,0.9803580045700073
657,2023-01-17 08:24:43,GOOGL,POSITIVE,0.9998670816421509
658,2023-01-17 08:24:43,GOOGL,POSITIVE,0.997657299041748
659,2023-01-17 08:24:43,GOOGL,POSITIVE,0.9998410940170288
660,2023-01-17 08:24:43,GOOGL,NEGATIVE,0.9951545000076294
661,2023-01-17 08:24:43,GOOGL,POSITIVE,0.6399642825126648
662,2023-01-17 08:24:43,GOOGL,POSITIVE,0.988115668296814
663,2023-01-17 08:24:43,GOOGL,POSITIVE,0.9898104667663574
664,2023-01-17 08:24:43,GOOGL,NEGATIVE,0.9975088834762573
665,2023-01-17 08:24:43,GOOGL,NEGATIVE,0.9958320260047913
666,2023-01-17 08:24:43,GOOGL,POSITIVE,0.9888076186180115
667,2023-01-17 08:24:43,GOOGL,NEGATIVE,0.9950474500656128
668,2023-01-17 08:24:43,GOOGL,NEGATIVE,0.9913841485977173
669,2023-01-17 08:24:43,GOOGL,NEGATIVE,0.9953292608261108
670,2023-01-17 08:24:43,GOOGL,NEGATIVE,0.9046968817710876
671,2023-01-17 08:24:43,GOOGL,POSITIVE,0.8689030408859253
672,2023-01-17 08:24:43,GOOGL,NEGATIVE,0.9995667338371277
673,2023-01-17 08:24:43,GOOGL,NEGATIVE,0.9889687299728394
674,2023-01-17 08:24:43,GOOGL,NEGATIVE,0.9920032024383545
675,2023-01-17 08:24:43,GOOGL,NEGATIVE,0.9950255751609802
676,2023-01-17 08:24:43,GOOGL,NEGATIVE,0.9852273464202881
677,2023-01-17 08:24:43,GOOGL,NEGATIVE,0.9997369647026062
678,2023-01-17 08:24:43,GOOGL,NEGATIVE,0.9907930493354797
679,2023-01-17 08:24:43,GOOGL,NEGATIVE,0.9958635568618774
680,2023-01-17 08:24:43,GOOGL,POSITIVE,0.71317458152771
681,2023-01-17 08:24:43,GOOGL,POSITIVE,0.881381630897522
683,2023-01-17 08:24:43,GOOGL,NEGATIVE,0.9964459538459778
684,2023-01-17 08:24:43,GOOGL,NEGATIVE,0.9430366158485413
685,2023-01-17 08:24:43,GOOGL,NEGATIVE,0.9931729435920715
686,2023-01-17 08:24:43,GOOGL,POSITIVE,0.9823489785194397
687,2023-01-17 08:24:43,GOOGL,POSITIVE,0.9813075065612793
688,2023-01-17 08:24:43,GOOGL,NEGATIVE,0.9988307356834412
689,2023-01-17 08:24:43,GOOGL,NEGATIVE,0.9986571073532104
690,2023-01-17 08:24:43,GOOGL,POSITIVE,0.9997805953025818
691,2023-01-17 08:24:43,GOOGL,POSITIVE,0.9997805953025818
693,2023-01-17 08:24:43,GOOGL,NEGATIVE,0.9970220923423767
694,2023-01-17 08:24:43,GOOGL,POSITIVE,0.9626440405845642
695,2023-01-17 08:24:43,GOOGL,NEGATIVE,0.9956841468811035
696,2023-01-17 08:24:43,GOOGL,NEGATIVE,0.9411789774894714
697,2023-01-17 08:24:43,GOOGL,NEGATIVE,0.9981755018234253
698,2023-01-17 08:24:43,GOOGL,POSITIVE,0.9989173412322998
699,2023-01-17 08:24:43,GOOGL,POSITIVE,0.9993999004364014
700,2023-01-17 08:24:43,GOOGL,POSITIVE,0.9972113966941833
701,2023-01-17 08:24:43,GOOGL,POSITIVE,0.9989650249481201
702,2023-01-17 08:24:43,GOOGL,POSITIVE,0.9595317840576172
703,2023-01-17 08:24:43,GOOGL,POSITIVE,0.9926891922950745
704,2023-01-17 08:24:43,GOOGL,NEGATIVE,0.9950135350227356
705,2023-01-17 08:24:43,GOOGL,POSITIVE,0.9871553182601929
706,2023-01-17 08:24:43,GOOGL,NEGATIVE,0.9932512640953064
707,2023-01-17 08:24:43,GOOGL,POSITIVE,0.9982288479804993
708,2023-01-17 08:24:43,GOOGL,NEGATIVE,0.6970565319061279
709,2023-01-17 08:24:43,GOOGL,POSITIVE,0.9847965240478516
710,2023-01-17 08:24:43,GOOGL,POSITIVE,0.9967309236526489
711,2023-01-17 08:24:43,GOOGL,NEGATIVE,0.9879974126815796
712,2023-01-17 08:24:43,GOOGL,NEGATIVE,0.9961775541305542
713,2023-01-17 08:24:43,GOOGL,POSITIVE,0.9966670870780945
714,2023-01-17 08:24:43,GOOGL,POSITIVE,0.9404330253601074
715,2023-01-17 08:24:43,GOOGL,NEGATIVE,0.996330201625824
716,2023-01-17 08:24:43,GOOGL,NEGATIVE,0.9877849817276001
717,2023-01-17 08:24:43,GOOGL,NEGATIVE,0.9992088675498962
718,2023-01-17 08:24:43,GOOGL,NEGATIVE,0.9974890947341919
719,2023-01-17 08:24:43,GOOGL,NEGATIVE,0.9950228929519653
720,2023-01-17 08:24:43,GOOGL,NEGATIVE,0.993454098701477
721,2023-01-17 08:24:43,GOOGL,NEGATIVE,0.9992861151695251
722,2023-01-17 08:24:43,GOOGL,NEGATIVE,0.9996984004974365
723,2023-01-17 08:24:43,GOOGL,POSITIVE,0.897373616695404
724,2023-01-17 08:24:43,GOOGL,NEGATIVE,0.9997918009757996
725,2023-01-17 08:24:43,GOOGL,NEGATIVE,0.9984744191169739
726,2023-01-17 08:24:43,GOOGL,NEGATIVE,0.997187077999115
727,2023-01-17 08:24:43,GOOGL,NEGATIVE,0.9992019534111023
728,2023-01-17 08:24:43,GOOGL,NEGATIVE,0.9959744811058044
729,2023-01-17 08:24:43,GOOGL,NEGATIVE,0.8728983998298645
730,2023-01-17 08:24:43,GOOGL,NEGATIVE,0.9996316432952881
731,2023-01-17 08:24:43,GOOGL,POSITIVE,0.9939133524894714
732,2023-01-17 08:24:43,GOOGL,POSITIVE,0.9711135625839233
733,2023-01-17 08:24:43,GOOGL,POSITIVE,0.9933653473854065
734,2023-01-17 08:24:43,GOOGL,NEGATIVE,0.9903783798217773
735,2023-01-17 08:24:43,GOOGL,NEGATIVE,0.9971112012863159
737,2023-01-17 08:24:43,GOOGL,NEGATIVE,0.9995846152305603
738,2023-01-17 08:24:43,GOOGL,NEGATIVE,0.9944781064987183
739,2023-01-17 08:24:43,GOOGL,POSITIVE,0.9997273087501526
740,2023-01-17 08:24:43,GOOGL,POSITIVE,0.9995645880699158
741,2023-01-17 08:24:43,GOOGL,POSITIVE,0.9938202500343323
742,2023-01-17 08:24:43,GOOGL,NEGATIVE,0.9726454615592957
743,2023-01-17 08:24:43,GOOGL,POSITIVE,0.997776448726654
744,2023-01-17 08:24:43,GOOGL,NEGATIVE,0.9747260212898254
745,2023-01-17 08:24:43,GOOGL,NEGATIVE,0.9938952326774597
746,2023-01-17 08:24:43,GOOGL,NEGATIVE,0.9964393973350525
747,2023-01-17 08:24:43,GOOGL,POSITIVE,0.9996542930603027
748,2023-01-17 08:24:43,GOOGL,NEGATIVE,0.977380633354187
749,2023-01-17 08:24:43,GOOGL,NEGATIVE,0.9876097440719604
750,2023-01-17 08:24:43,GOOGL,POSITIVE,0.9963651895523071
751,2023-01-17 08:24:43,GOOGL,POSITIVE,0.9931614398956299
752,2023-01-17 08:24:43,GOOGL,NEGATIVE,0.9990243911743164
753,2023-01-17 08:24:43,GOOGL,POSITIVE,0.7184985280036926
754,2023-01-17 08:24:43,GOOGL,NEGATIVE,0.9213669896125793
755,2023-01-17 08:24:43,GOOGL,NEGATIVE,0.9288886189460754
756,2023-01-17 08:24:43,GOOGL,NEGATIVE,0.9977013468742371
757,2023-01-17 08:24:43,GOOGL,NEGATIVE,0.5001891255378723
758,2023-01-17 08:24:43,GOOGL,POSITIVE,0.9986056685447693
759,2023-01-17 08:24:43,GOOGL,POSITIVE,0.9905969500541687
760,2023-01-17 08:24:43,GOOGL,POSITIVE,0.9947739243507385
761,2023-01-17 08:24:43,GOOGL,NEGATIVE,0.9979766011238098
762,2023-01-17 08:24:43,GOOGL,POSITIVE,0.666781485080719
763,2023-01-17 08:24:43,GOOGL,POSITIVE,0.9988783001899719
764,2023-01-17 08:24:43,GOOGL,NEGATIVE,0.998690664768219
765,2023-01-17 08:24:43,GOOGL,NEGATIVE,0.9992411136627197
766,2023-01-17 08:24:43,GOOGL,NEGATIVE,0.9995030164718628
767,2023-01-17 08:24:43,GOOGL,POSITIVE,0.8463185429573059
768,2023-01-17 08:24:43,GOOGL,NEGATIVE,0.9960446357727051
769,2023-01-17 08:24:43,GOOGL,NEGATIVE,0.9949824213981628
770,2023-01-17 08:24:43,GOOGL,NEGATIVE,0.9991361498832703
771,2023-01-17 08:24:43,GOOGL,NEGATIVE,0.9948275685310364
772,2023-01-17 08:24:43,GOOGL,NEGATIVE,0.9953094124794006
773,2023-01-17 08:24:43,GOOGL,NEGATIVE,0.9995379447937012
774,2023-01-17 08:24:43,GOOGL,NEGATIVE,0.9856217503547668
775,2023-01-17 08:24:43,GOOGL,POSITIVE,0.9188029170036316
776,2023-01-17 08:24:43,GOOGL,NEGATIVE,0.9939225316047668
777,2023-01-17 08:24:43,GOOGL,NEGATIVE,0.9949989318847656
778,2023-01-17 08:24:43,GOOGL,NEGATIVE,0.9850709438323975
779,2023-01-17 08:24:43,GOOGL,NEGATIVE,0.9980021119117737
780,2023-01-17 08:24:43,GOOGL,NEGATIVE,0.9934989213943481
781,2023-01-17 08:24:43,GOOGL,NEGATIVE,0.9994611144065857
782,2023-01-17 08:24:43,GOOGL,POSITIVE,0.9831268787384033
783,2023-01-17 08:24:43,GOOGL,NEGATIVE,0.9941296577453613
784,2023-01-17 08:24:43,GOOGL,NEGATIVE,0.9438177943229675
785,2023-01-17 08:24:43,GOOGL,NEGATIVE,0.961719274520874
786,2023-01-17 08:24:43,GOOGL,POSITIVE,0.9588003754615784
787,2023-01-17 08:24:43,GOOGL,NEGATIVE,0.9982542395591736
788,2023-01-17 08:24:43,GOOGL,NEGATIVE,0.9965506792068481
789,2023-01-17 08:24:43,GOOGL,NEGATIVE,0.9994378685951233
790,2023-01-17 08:24:43,GOOGL,POSITIVE,0.9103353023529053
791,2023-01-17 08:24:43,GOOGL,NEGATIVE,0.9937475919723511
792,2023-01-17 08:24:43,GOOGL,NEGATIVE,0.9992882609367371
793,2023-01-17 08:24:43,GOOGL,NEGATIVE,0.999669075012207
794,2023-01-17 08:24:43,GOOGL,NEGATIVE,0.9892489910125732
795,2023-01-17 08:24:43,GOOGL,POSITIVE,0.9101555347442627
796,2023-01-17 08:24:43,GOOGL,POSITIVE,0.993821382522583
797,2023-01-17 08:24:43,GOOGL,NEGATIVE,0.9997254014015198
798,2023-01-17 08:24:43,GOOGL,NEGATIVE,0.9995496869087219
799,2023-01-17 08:24:43,GOOGL,NEGATIVE,0.9585364460945129
800,2023-01-17 08:24:43,GOOGL,NEGATIVE,0.9967904686927795
801,2023-01-17 08:24:43,GOOGL,POSITIVE,0.9536845088005066
802,2023-01-17 08:24:43,GOOGL,NEGATIVE,0.986966609954834
803,2023-01-17 08:24:43,GOOGL,POSITIVE,0.9986175298690796
804,2023-01-17 08:24:43,GOOGL,NEGATIVE,0.9994753003120422
805,2023-01-17 08:24:43,GOOGL,NEGATIVE,0.9990395903587341
806,2023-01-17 08:24:43,GOOGL,POSITIVE,0.9929596781730652
807,2023-01-17 08:24:43,GOOGL,NEGATIVE,0.9873292446136475
809,2023-01-17 08:24:43,GOOGL,POSITIVE,0.9997162222862244
811,2023-01-17 08:24:43,GOOGL,NEGATIVE,0.9961291551589966
812,2023-01-17 08:24:43,GOOGL,NEGATIVE,0.5757129192352295
813,2023-01-17 08:24:43,GOOGL,NEGATIVE,0.8834030628204346
814,2023-01-17 08:24:43,GOOGL,POSITIVE,0.9693291187286377
815,2023-01-17 08:24:43,GOOGL,NEGATIVE,0.7233515381813049
816,2023-01-17 08:24:43,GOOGL,NEGATIVE,0.6761103868484497
817,2023-01-17 08:24:43,GOOGL,NEGATIVE,0.9993044137954712
818,2023-01-17 08:24:43,GOOGL,NEGATIVE,0.9920883774757385
819,2023-01-17 08:24:43,GOOGL,NEGATIVE,0.9821611642837524
820,2023-01-17 08:24:43,GOOGL,NEGATIVE,0.9892114400863647
821,2023-01-17 08:24:43,GOOGL,POSITIVE,0.9975537657737732
822,2023-01-17 08:24:43,GOOGL,NEGATIVE,0.9996433258056641
823,2023-01-17 08:24:43,GOOGL,NEGATIVE,0.9996516704559326
824,2023-01-17 08:24:43,GOOGL,POSITIVE,0.9993821382522583
825,2023-01-17 08:24:43,GOOGL,POSITIVE,0.9996200799942017
826,2023-01-17 08:24:43,GOOGL,NEGATIVE,0.9832077026367188
827,2023-01-17 08:24:43,GOOGL,POSITIVE,0.9457057118415833
828,2023-01-17 08:24:43,GOOGL,POSITIVE,0.9153767824172974
829,2023-01-17 08:24:43,GOOGL,NEGATIVE,0.9994840621948242
830,2023-01-17 08:24:43,GOOGL,POSITIVE,0.9998162388801575
831,2023-01-17 08:24:43,GOOGL,POSITIVE,0.5705280900001526
832,2023-01-17 08:24:43,GOOGL,NEGATIVE,0.9851518273353577
833,2023-01-17 08:24:43,GOOGL,NEGATIVE,0.9938082098960876
834,2023-01-17 08:24:43,GOOGL,POSITIVE,0.9717255234718323
835,2023-01-17 08:24:43,GOOGL,POSITIVE,0.5345515012741089
836,2023-01-17 08:24:43,GOOGL,NEGATIVE,0.9900625348091125
838,2023-01-17 08:24:43,GOOGL,NEGATIVE,0.9903723001480103
840,2023-01-17 08:24:43,GOOGL,NEGATIVE,0.9905052781105042
841,2023-01-17 08:24:43,GOOGL,NEGATIVE,0.9337567090988159
842,2023-01-17 08:24:43,GOOGL,POSITIVE,0.9747543334960938
843,2023-01-17 08:24:43,GOOGL,NEGATIVE,0.9943048357963562
844,2023-01-17 08:24:43,GOOGL,POSITIVE,0.8430042266845703
845,2023-01-17 08:24:43,GOOGL,NEGATIVE,0.9959432482719421
846,2023-01-17 08:24:43,GOOGL,POSITIVE,0.6374481916427612
847,2023-01-17 08:24:43,GOOGL,NEGATIVE,0.9989901185035706
848,2023-01-17 08:24:43,GOOGL,POSITIVE,0.9997242093086243
849,2023-01-17 08:24:43,GOOGL,NEGATIVE,0.9988155364990234
850,2023-01-17 08:24:43,GOOGL,NEGATIVE,0.9973184466362
851,2023-01-17 08:24:43,GOOGL,NEGATIVE,0.9948078989982605
852,2023-01-17 08:24:43,GOOGL,NEGATIVE,0.9943146109580994
853,2023-01-17 08:24:43,GOOGL,NEGATIVE,0.9821865558624268
854,2023-01-17 08:24:43,GOOGL,POSITIVE,0.9260686635971069
855,2023-01-17 08:24:43,GOOGL,NEGATIVE,0.965034544467926
856,2023-01-17 08:24:43,GOOGL,NEGATIVE,0.9723444581031799
857,2023-01-17 08:24:43,GOOGL,POSITIVE,0.9949964284896851
858,2023-01-17 08:24:43,GOOGL,POSITIVE,0.9990659356117249
859,2023-01-17 08:24:43,GOOGL,POSITIVE,0.9477427005767822
860,2023-01-17 08:24:43,GOOGL,NEGATIVE,0.7831624150276184
861,2023-01-17 08:24:43,GOOGL,POSITIVE,0.6799440979957581
862,2023-01-17 08:24:43,GOOGL,NEGATIVE,0.9994404911994934
863,2023-01-17 08:24:43,GOOGL,NEGATIVE,0.767219066619873
864,2023-01-17 08:24:43,GOOGL,POSITIVE,0.6529450416564941
865,2023-01-17 08:24:43,GOOGL,NEGATIVE,0.999213695526123
866,2023-01-17 08:24:43,GOOGL,NEGATIVE,0.9948115348815918
867,2023-01-17 08:24:43,GOOGL,POSITIVE,0.9997996687889099
869,2023-01-17 08:24:43,GOOGL,POSITIVE,0.999805748462677
870,2023-01-17 08:24:43,GOOGL,POSITIVE,0.9819304347038269
871,2023-01-17 08:24:43,GOOGL,NEGATIVE,0.9996459484100342
872,2023-01-17 08:24:43,GOOGL,NEGATIVE,0.9853875041007996
873,2023-01-17 08:24:43,GOOGL,NEGATIVE,0.9858399629592896
874,2023-01-17 08:24:43,GOOGL,POSITIVE,0.9963636994361877
875,2023-01-17 08:24:43,GOOGL,NEGATIVE,0.9994667172431946
876,2023-01-17 08:24:43,GOOGL,NEGATIVE,0.9992203712463379
877,2023-01-17 08:24:43,GOOGL,NEGATIVE,0.9997313618659973
878,2023-01-17 08:24:43,GOOGL,POSITIVE,0.999243974685669
879,2023-01-17 08:24:43,GOOGL,NEGATIVE,0.9954995512962341
880,2023-01-17 08:24:43,GOOGL,NEGATIVE,0.9979503750801086
881,2023-01-17 08:24:43,GOOGL,POSITIVE,0.9912602305412292
882,2023-01-17 08:24:43,GOOGL,POSITIVE,0.9942446351051331
883,2023-01-17 08:24:43,GOOGL,POSITIVE,0.9873085618019104
884,2023-01-17 08:24:43,GOOGL,NEGATIVE,0.9964744448661804
885,2023-01-17 08:24:43,GOOGL,POSITIVE,0.9971479773521423
886,2023-01-17 08:24:43,GOOGL,POSITIVE,0.9988154172897339
887,2023-01-17 08:24:43,GOOGL,POSITIVE,0.9953563809394836
888,2023-01-17 08:24:43,GOOGL,POSITIVE,0.9994010925292969
889,2023-01-17 08:24:43,GOOGL,NEGATIVE,0.9951135516166687
890,2023-01-17 08:24:43,GOOGL,NEGATIVE,0.9973917007446289
891,2023-01-17 08:24:43,GOOGL,NEGATIVE,0.9992538094520569
892,2023-01-17 08:24:43,GOOGL,NEGATIVE,0.9922731518745422
893,2023-01-17 08:24:43,GOOGL,POSITIVE,0.8943748474121094
894,2023-01-17 08:24:43,GOOGL,POSITIVE,0.9994242191314697
895,2023-01-17 08:24:43,GOOGL,POSITIVE,0.9995885491371155
896,2023-01-17 08:24:43,GOOGL,NEGATIVE,0.9949120879173279
897,2023-01-17 08:24:43,GOOGL,NEGATIVE,0.9984435439109802
898,2023-01-17 08:24:43,GOOGL,NEGATIVE,0.9770253896713257
899,2023-01-17 08:24:43,GOOGL,NEGATIVE,0.9994852542877197
900,2023-01-17 08:24:43,GOOGL,POSITIVE,0.998480498790741
901,2023-01-17 08:24:43,GOOGL,NEGATIVE,0.9996575117111206
902,2023-01-17 08:24:43,GOOGL,NEGATIVE,0.7819820046424866
903,2023-01-17 08:24:43,GOOGL,NEGATIVE,0.9962521195411682
904,2023-01-17 08:24:43,GOOGL,POSITIVE,0.6621437072753906
905,2023-01-17 08:24:43,GOOGL,NEGATIVE,0.9938220977783203
906,2023-01-17 08:24:43,GOOGL,NEGATIVE,0.989741325378418
907,2023-01-17 08:24:43,GOOGL,NEGATIVE,0.9859588742256165
908,2023-01-17 08:24:43,GOOGL,POSITIVE,0.9726881980895996
909,2023-01-17 08:24:43,GOOGL,NEGATIVE,0.9997931122779846
910,2023-01-17 08:24:43,GOOGL,POSITIVE,0.9342645406723022
911,2023-01-17 08:24:43,GOOGL,NEGATIVE,0.9939879179000854
912,2023-01-17 08:24:43,GOOGL,NEGATIVE,0.9954896569252014
913,2023-01-17 08:24:43,GOOGL,NEGATIVE,0.9997134804725647
914,2023-01-17 08:24:43,GOOGL,NEGATIVE,0.9997119307518005
915,2023-01-17 08:24:43,GOOGL,POSITIVE,0.9995899796485901
916,2023-01-17 08:24:43,GOOGL,NEGATIVE,0.9953741431236267
917,2023-01-17 08:24:43,GOOGL,POSITIVE,0.9961601495742798
918,2023-01-17 08:24:43,GOOGL,POSITIVE,0.6367806196212769
919,2023-01-17 08:24:43,GOOGL,NEGATIVE,0.9544875025749207
920,2023-01-17 08:24:43,GOOGL,POSITIVE,0.8479222059249878
921,2023-01-17 08:24:43,GOOGL,POSITIVE,0.9980734586715698
922,2023-01-17 08:24:43,GOOGL,POSITIVE,0.9966867566108704
923,2023-01-17 08:24:43,GOOGL,POSITIVE,0.9412243962287903
924,2023-01-17 08:24:43,GOOGL,NEGATIVE,0.9997697472572327
925,2023-01-17 08:24:43,GOOGL,NEGATIVE,0.9968433380126953
926,2023-01-17 08:24:43,GOOGL,NEGATIVE,0.9994168281555176
927,2023-01-17 08:24:43,GOOGL,NEGATIVE,0.9981716871261597
928,2023-01-17 08:24:43,GOOGL,POSITIVE,0.5755444765090942
929,2023-01-17 08:24:43,GOOGL,POSITIVE,0.6151732802391052
930,2023-01-17 08:24:43,GOOGL,POSITIVE,0.993144154548645
931,2023-01-17 08:24:43,GOOGL,POSITIVE,0.986220121383667
932,2023-01-17 08:24:43,GOOGL,NEGATIVE,0.9984582662582397
933,2023-01-17 08:24:43,GOOGL,NEGATIVE,0.9686369299888611
934,2023-01-17 08:24:43,GOOGL,NEGATIVE,0.9995669722557068
935,2023-01-17 08:24:43,GOOGL,NEGATIVE,0.9838325381278992
936,2023-01-17 08:24:43,GOOGL,POSITIVE,0.6417228579521179
937,2023-01-17 08:24:43,GOOGL,POSITIVE,0.9892995357513428
938,2023-01-17 08:24:43,GOOGL,POSITIVE,0.9909170269966125
939,2023-01-17 08:24:43,GOOGL,POSITIVE,0.9918043613433838
940,2023-01-17 08:24:43,GOOGL,NEGATIVE,0.640869677066803
941,2023-01-17 08:24:43,GOOGL,POSITIVE,0.9720116257667542
942,2023-01-17 08:24:43,GOOGL,NEGATIVE,0.9982612729072571
943,2023-01-17 08:24:43,GOOGL,NEGATIVE,0.9715426564216614
944,2023-01-17 08:24:43,GOOGL,NEGATIVE,0.9934341907501221
945,2023-01-17 08:24:43,GOOGL,NEGATIVE,0.9986864924430847
946,2023-01-17 08:24:43,GOOGL,NEGATIVE,0.9822325706481934
947,2023-01-17 08:24:43,GOOGL,NEGATIVE,0.9980981945991516
948,2023-01-17 08:24:43,GOOGL,NEGATIVE,0.9974400997161865
949,2023-01-17 08:24:43,GOOGL,NEGATIVE,0.982628345489502
950,2023-01-17 08:24:43,GOOGL,NEGATIVE,0.9995705485343933
951,2023-01-17 08:24:43,GOOGL,NEGATIVE,0.996809184551239
952,2023-01-17 08:24:43,GOOGL,NEGATIVE,0.9994839429855347
953,2023-01-17 08:24:43,GOOGL,NEGATIVE,0.9926468133926392
954,2023-01-17 08:24:43,GOOGL,NEGATIVE,0.9977491497993469
955,2023-01-17 08:24:43,GOOGL,POSITIVE,0.9897934198379517
956,2023-01-17 08:24:43,GOOGL,NEGATIVE,0.9983214735984802
957,2023-01-17 08:24:43,GOOGL,POSITIVE,0.9997479319572449
958,2023-01-17 08:24:43,GOOGL,NEGATIVE,0.9870642423629761
959,2023-01-17 08:24:43,GOOGL,POSITIVE,0.9995163679122925
960,2023-01-17 08:24:43,GOOGL,POSITIVE,0.9699820876121521
961,2023-01-17 08:24:43,GOOGL,NEGATIVE,0.9980564117431641
962,2023-01-17 08:24:43,GOOGL,NEGATIVE,0.9774470329284668
963,2023-01-17 08:24:43,GOOGL,NEGATIVE,0.9581494331359863
964,2023-01-17 08:24:43,GOOGL,POSITIVE,0.9998579025268555
965,2023-01-17 08:24:43,GOOGL,POSITIVE,0.9998483657836914
966,2023-01-17 08:24:43,GOOGL,POSITIVE,0.9997052550315857
967,2023-01-17 08:24:43,GOOGL,POSITIVE,0.9953778982162476
968,2023-01-17 08:24:43,GOOGL,POSITIVE,0.9935600757598877
969,2023-01-17 08:24:43,GOOGL,POSITIVE,0.5665408968925476
970,2023-01-17 08:24:43,GOOGL,NEGATIVE,0.9396528601646423
971,2023-01-17 08:24:43,GOOGL,NEGATIVE,0.9973015785217285
972,2023-01-17 08:24:43,GOOGL,NEGATIVE,0.9993725419044495
973,2023-01-17 08:24:43,GOOGL,POSITIVE,0.9986268281936646
974,2023-01-17 08:24:43,GOOGL,POSITIVE,0.9810178279876709
975,2023-01-17 08:24:43,GOOGL,POSITIVE,0.999817430973053
976,2023-01-17 08:24:43,GOOGL,POSITIVE,0.9864755272865295
977,2023-01-17 08:24:43,GOOGL,POSITIVE,0.9944357872009277
978,2023-01-17 08:24:43,GOOGL,POSITIVE,0.9955658316612244
979,2023-01-17 08:24:43,GOOGL,NEGATIVE,0.9992212057113647
980,2023-01-17 08:24:43,GOOGL,POSITIVE,0.999032735824585
981,2023-01-17 08:24:43,GOOGL,NEGATIVE,0.9887192845344543
982,2023-01-17 08:24:43,GOOGL,POSITIVE,0.9959388971328735
983,2023-01-17 08:24:43,GOOGL,NEGATIVE,0.9563021659851074
984,2023-01-17 08:24:43,GOOGL,NEGATIVE,0.9575724005699158
985,2023-01-17 08:24:43,GOOGL,NEGATIVE,0.9828082919120789
986,2023-01-17 08:24:43,GOOGL,NEGATIVE,0.9982284903526306
987,2023-01-17 08:24:43,GOOGL,NEGATIVE,0.9950523972511292
988,2023-01-17 08:24:43,GOOGL,NEGATIVE,0.9997426867485046
989,2023-01-17 08:24:43,GOOGL,NEGATIVE,0.997271716594696
990,2023-01-17 08:24:43,GOOGL,NEGATIVE,0.9993990659713745
991,2023-01-17 08:24:43,GOOGL,NEGATIVE,0.9982940554618835
992,2023-01-17 08:24:43,GOOGL,POSITIVE,0.9981313347816467
993,2023-01-17 08:24:43,GOOGL,POSITIVE,0.9996949434280396
994,2023-01-17 08:24:43,GOOGL,NEGATIVE,0.9991024732589722
995,2023-01-17 08:24:43,GOOGL,POSITIVE,0.9973567724227905
996,2023-01-17 08:24:43,GOOGL,NEGATIVE,0.9973999261856079
997,2023-01-17 08:24:43,GOOGL,POSITIVE,0.9994240999221802
998,2023-01-17 08:24:43,GOOGL,NEGATIVE,0.9988297820091248
999,2023-01-17 08:24:43,GOOGL,NEGATIVE,0.981904923915863
1000,2023-01-17 08:24:43,GOOGL,POSITIVE,0.9969457983970642
1001,2023-01-17 08:24:43,GOOGL,NEGATIVE,0.9313628077507019
1002,2023-01-17 08:24:43,GOOGL,NEGATIVE,0.994563639163971
1003,2023-01-17 08:24:43,GOOGL,NEGATIVE,0.9990193843841553
1004,2023-01-17 08:24:43,GOOGL,POSITIVE,0.6039859652519226
1005,2023-01-17 08:24:43,GOOGL,NEGATIVE,0.9946687817573547
1006,2023-01-17 08:24:43,GOOGL,POSITIVE,0.9987793564796448
1007,2023-01-17 08:24:43,GOOGL,NEGATIVE,0.9946417808532715
1008,2023-01-17 08:24:43,GOOGL,POSITIVE,0.9871572852134705
1009,2023-01-17 08:24:43,GOOGL,NEGATIVE,0.9989268183708191
1010,2023-01-17 08:24:43,GOOGL,POSITIVE,0.9990682005882263
1011,2023-01-17 08:24:43,GOOGL,POSITIVE,0.9832413196563721
1012,2023-01-17 08:24:43,GOOGL,POSITIVE,0.8086110353469849
1013,2023-01-17 08:24:43,GOOGL,NEGATIVE,0.9961752891540527
1014,2023-01-17 08:24:43,GOOGL,NEGATIVE,0.9677867293357849
1015,2023-01-17 08:24:43,GOOGL,NEGATIVE,0.993010938167572
1016,2023-01-17 08:24:43,GOOGL,NEGATIVE,0.9986259937286377
1017,2023-01-17 08:24:43,GOOGL,NEGATIVE,0.9713497161865234
1018,2023-01-17 08:24:43,GOOGL,NEGATIVE,0.9958729147911072
1019,2023-01-17 08:24:43,GOOGL,POSITIVE,0.9957141280174255
1020,2023-01-17 08:24:43,GOOGL,POSITIVE,0.9985902905464172
1021,2023-01-17 08:24:43,GOOGL,NEGATIVE,0.9357289671897888
1022,2023-01-17 08:24:43,GOOGL,NEGATIVE,0.9834555387496948
1023,2023-01-17 08:24:43,GOOGL,NEGATIVE,0.9854163527488708
1024,2023-01-17 08:24:43,GOOGL,NEGATIVE,0.9597439169883728
1025,2023-01-17 08:24:43,GOOGL,NEGATIVE,0.9987766146659851
1026,2023-01-17 08:24:43,GOOGL,NEGATIVE,0.9870098829269409
1027,2023-01-17 08:24:43,GOOGL,NEGATIVE,0.9242523908615112
1028,2023-01-17 08:24:43,GOOGL,NEGATIVE,0.9988983869552612
1029,2023-01-17 08:24:43,GOOGL,POSITIVE,0.9857593774795532
1030,2023-01-17 08:24:43,GOOGL,NEGATIVE,0.9996970891952515
1031,2023-01-17 08:24:43,GOOGL,POSITIVE,0.8653354048728943
1032,2023-01-17 08:24:43,GOOGL,NEGATIVE,0.9993976354598999
1033,2023-01-17 08:24:43,GOOGL,NEGATIVE,0.9991996884346008
1034,2023-01-17 08:24:43,GOOGL,POSITIVE,0.9904352426528931
1035,2023-01-17 08:24:43,GOOGL,NEGATIVE,0.9995146989822388
1036,2023-01-17 08:24:43,GOOGL,NEGATIVE,0.9495012164115906
1037,2023-01-17 08:24:43,GOOGL,NEGATIVE,0.9854010939598083
1038,2023-01-17 08:24:43,GOOGL,NEGATIVE,0.997788667678833
1039,2023-01-17 08:24:43,GOOGL,POSITIVE,0.9371581077575684
1040,2023-01-17 08:24:43,GOOGL,NEGATIVE,0.9872862696647644
1041,2023-01-17 08:24:43,GOOGL,NEGATIVE,0.9985615611076355
1042,2023-01-17 08:24:43,GOOGL,POSITIVE,0.8539369106292725
1043,2023-01-17 08:24:43,GOOGL,NEGATIVE,0.9958180785179138
1044,2023-01-17 08:24:43,GOOGL,NEGATIVE,0.9983189702033997
1045,2023-01-17 08:24:43,GOOGL,POSITIVE,0.8226772546768188
1046,2023-01-17 08:24:43,GOOGL,NEGATIVE,0.9996956586837769
1047,2023-01-17 08:24:43,GOOGL,NEGATIVE,0.9862435460090637
1048,2023-01-17 08:24:43,GOOGL,NEGATIVE,0.9967201352119446
1049,2023-01-17 08:24:43,GOOGL,POSITIVE,0.974427342414856
1050,2023-01-17 08:24:43,GOOGL,NEGATIVE,0.9991337656974792
1051,2023-01-17 08:24:43,GOOGL,POSITIVE,0.6516754627227783
1052,2023-01-17 08:24:43,GOOGL,NEGATIVE,0.9988521337509155
1053,2023-01-17 08:24:43,GOOGL,NEGATIVE,0.9987800717353821
1054,2023-01-17 08:24:43,GOOGL,NEGATIVE,0.9887435436248779
1055,2023-01-17 08:24:43,GOOGL,POSITIVE,0.9991694688796997
1056,2023-01-17 08:24:43,GOOGL,NEGATIVE,0.9992944002151489
1057,2023-01-17 08:24:43,GOOGL,POSITIVE,0.9997063279151917
1058,2023-01-17 08:24:43,GOOGL,NEGATIVE,0.9931840300559998
1059,2023-01-17 08:24:43,GOOGL,NEGATIVE,0.9917616844177246
1060,2023-01-17 08:24:43,GOOGL,POSITIVE,0.9997851252555847
1061,2024-06-22 01:48:07,GOOGL,NEGATIVE,0.9942534565925598
1062,2024-06-22 01:48:07,GOOGL,NEGATIVE,0.997295081615448
1063,2024-06-22 01:48:07,GOOGL,NEGATIVE,0.9635505080223083
1064,2024-06-22 01:48:07,GOOGL,NEGATIVE,0.9628620147705078
1065,2024-06-22 01:48:07,GOOGL,NEGATIVE,0.9946255087852478
1066,2024-06-22 01:48:07,GOOGL,NEGATIVE,0.9977834820747375
1067,2024-06-22 01:48:07,GOOGL,NEGATIVE,0.9995429515838623
1068,2024-06-22 01:48:07,GOOGL,POSITIVE,0.9613698720932007
1069,2024-06-22 01:48:07,GOOGL,NEGATIVE,0.9925317168235779
1070,2024-06-22 01:48:07,GOOGL,NEGATIVE,0.9874621033668518
1071,2024-06-22 01:48:07,GOOGL,NEGATIVE,0.9985436201095581
1072,2024-06-22 01:48:07,GOOGL,NEGATIVE,0.9884310960769653
1073,2024-06-22 01:48:07,GOOGL,NEGATIVE,0.9991163611412048
1074,2024-06-22 01:48:07,GOOGL,NEGATIVE,0.9995502829551697
1076,2024-06-22 01:48:07,GOOGL,POSITIVE,0.9997839331626892
1077,2024-06-22 01:48:07,GOOGL,NEGATIVE,0.9912251830101013
1078,2024-06-22 01:48:07,GOOGL,NEGATIVE,0.9909754395484924
1080,2024-06-22 01:48:07,GOOGL,POSITIVE,0.9736601710319519
1081,2024-06-22 01:48:07,GOOGL,NEGATIVE,0.9981789588928223
1082,2024-06-22 01:48:07,GOOGL,NEGATIVE,0.9980721473693848
1083,2024-06-22 01:48:07,GOOGL,POSITIVE,0.9288969039916992
1084,2024-06-22 01:48:07,GOOGL,NEGATIVE,0.9997579455375671
1085,2024-06-22 01:48:07,GOOGL,NEGATIVE,0.9931120276451111
1086,2024-06-22 01:48:07,GOOGL,NEGATIVE,0.9853264093399048
1087,2024-06-22 01:48:07,GOOGL,NEGATIVE,0.8805178999900818
1088,2024-06-22 01:48:07,GOOGL,POSITIVE,0.8796255588531494
1089,2024-06-22 01:48:07,GOOGL,NEGATIVE,0.9959557056427002
1090,2024-06-22 01:48:07,GOOGL,POSITIVE,0.9930768013000488
1091,2024-06-22 01:48:07,GOOGL,NEGATIVE,0.9868572354316711
1092,2024-06-22 01:48:07,GOOGL,NEGATIVE,0.9918593764305115
1093,2024-06-22 01:48:07,GOOGL,NEGATIVE,0.5751551389694214
1094,2024-06-22 01:48:07,GOOGL,POSITIVE,0.633603572845459
1095,2024-06-22 01:48:07,GOOGL,NEGATIVE,0.9981997013092041
1096,2024-06-22 01:48:07,GOOGL,POSITIVE,0.6493310332298279
1097,2024-06-22 01:48:07,GOOGL,NEGATIVE,0.9983487129211426
1098,2024-06-22 01:48:07,GOOGL,NEGATIVE,0.994688868522644
1099,2024-06-22 01:48:07,GOOGL,NEGATIVE,0.9982064962387085
1100,2024-06-22 01:48:07,GOOGL,NEGATIVE,0.8693323135375977
1101,2024-06-22 01:48:07,GOOGL,NEGATIVE,0.9975460171699524
1102,2024-06-22 01:48:07,GOOGL,POSITIVE,0.9998457431793213
1103,2024-06-22 01:48:07,GOOGL,NEGATIVE,0.9995837807655334
1104,2024-06-22 01:48:07,GOOGL,NEGATIVE,0.9969172477722168
1105,2024-06-22 01:48:07,GOOGL,POSITIVE,0.5522441864013672
1106,2024-06-22 01:48:07,GOOGL,POSITIVE,0.9477823972702026
1107,2024-06-22 01:48:07,GOOGL,NEGATIVE,0.7031634449958801
1108,2024-06-22 01:48:07,GOOGL,POSITIVE,0.7581529021263123
1109,2023-02-22 06:12:55,GOOGL,NEGATIVE,0.9946516156196594
1110,2023-02-22 06:12:55,GOOGL,POSITIVE,0.9187784194946289
1111,2023-02-22 06:12:55,GOOGL,NEGATIVE,0.9991016387939453
1112,2023-02-22 06:12:55,GOOGL,NEGATIVE,0.9996981620788574
1113,2023-02-22 06:12:55,GOOGL,NEGATIVE,0.745891809463501
1114,2023-02-22 06:12:55,GOOGL,NEGATIVE,0.9973266124725342
1115,2023-02-22 06:12:55,GOOGL,NEGATIVE,0.9888781905174255
1116,2023-02-22 06:12:55,GOOGL,NEGATIVE,0.9935008883476257
1117,2023-02-22 06:12:55,GOOGL,POSITIVE,0.8310125470161438
1118,2023-02-22 06:12:55,GOOGL,NEGATIVE,0.9997789263725281
1119,2023-02-22 06:12:55,GOOGL,NEGATIVE,0.998855471611023
1120,2023-02-22 06:12:55,GOOGL,POSITIVE,0.9991199374198914
1121,2023-02-22 06:12:55,GOOGL,NEGATIVE,0.9257563948631287
1122,2023-02-22 06:12:55,GOOGL,NEGATIVE,0.6182822585105896
1123,2023-02-22 06:12:55,GOOGL,NEGATIVE,0.9950868487358093
1124,2023-02-22 06:12:55,GOOGL,NEGATIVE,0.9993313550949097
1125,2023-02-22 06:12:55,GOOGL,POSITIVE,0.9978489875793457
1126,2023-02-22 06:12:55,GOOGL,POSITIVE,0.9786640405654907
1127,2023-02-22 06:12:55,GOOGL,NEGATIVE,0.9914110898971558
1128,2023-02-22 06:12:55,GOOGL,NEGATIVE,0.9985741376876831
1129,2023-02-22 06:12:55,GOOGL,POSITIVE,0.9059535264968872
1130,2023-02-22 06:12:55,GOOGL,NEGATIVE,0.7080166339874268
1131,2023-02-22 06:12:55,GOOGL,POSITIVE,0.7286892533302307
1132,2023-02-22 06:12:55,GOOGL,NEGATIVE,0.9510678052902222
1133,2023-02-22 06:12:55,GOOGL,NEGATIVE,0.9968752861022949
1134,2023-02-22 06:12:55,GOOGL,NEGATIVE,0.9920296669006348
1135,2023-02-22 06:12:55,GOOGL,POSITIVE,0.9322613477706909
1136,2023-02-22 06:12:55,GOOGL,POSITIVE,0.9997220635414124
1137,2023-02-22 06:12:55,GOOGL,NEGATIVE,0.97923344373703
1138,2023-02-22 06:12:55,GOOGL,NEGATIVE,0.9976953864097595
1139,2023-02-22 06:12:55,GOOGL,NEGATIVE,0.9639626145362854
1140,2023-02-22 06:12:55,GOOGL,NEGATIVE,0.9996929168701172
1141,2023-02-22 06:12:55,GOOGL,POSITIVE,0.9988208413124084
1142,2023-02-22 06:12:55,GOOGL,POSITIVE,0.9998250603675842
1143,2023-02-22 06:12:55,GOOGL,NEGATIVE,0.982406497001648
1144,2023-02-22 06:12:55,GOOGL,POSITIVE,0.9290640950202942
1145,2023-02-22 06:12:55,GOOGL,POSITIVE,0.9997605681419373
1146,2023-02-22 06:12:55,GOOGL,NEGATIVE,0.9435288310050964
1147,2023-02-22 06:12:55,GOOGL,NEGATIVE,0.9973243474960327
1148,2023-02-22 06:12:55,GOOGL,NEGATIVE,0.9992043375968933
1149,2023-02-22 06:12:55,GOOGL,NEGATIVE,0.9975760579109192
1150,2023-02-22 06:12:55,GOOGL,NEGATIVE,0.9950718283653259
1151,2023-02-22 06:12:55,GOOGL,NEGATIVE,0.9974145889282227
1152,2023-02-22 06:12:55,GOOGL,NEGATIVE,0.9993054866790771
1153,2023-02-22 06:12:55,GOOGL,NEGATIVE,0.991260826587677
1154,2023-02-22 06:12:55,GOOGL,NEGATIVE,0.921757161617279
1155,2023-02-22 06:12:55,GOOGL,POSITIVE,0.9918867945671082
1156,2023-02-22 06:12:55,GOOGL,NEGATIVE,0.9979105591773987
1157,2023-02-22 06:12:55,GOOGL,NEGATIVE,0.9995083808898926
1158,2023-02-22 06:12:55,GOOGL,NEGATIVE,0.9927230477333069
1159,2023-02-22 06:12:55,GOOGL,NEGATIVE,0.9665930867195129
1160,2023-02-22 06:12:55,GOOGL,NEGATIVE,0.9937925934791565
1161,2023-02-22 06:12:55,GOOGL,NEGATIVE,0.9874407052993774
1162,2023-02-22 06:12:55,GOOGL,POSITIVE,0.9894457459449768
1163,2023-02-22 06:12:55,GOOGL,POSITIVE,0.9979820251464844
1164,2023-02-22 06:12:55,GOOGL,POSITIVE,0.9992560744285583
1165,2023-02-22 06:12:55,GOOGL,POSITIVE,0.9998160004615784
1166,2023-02-22 06:12:55,GOOGL,NEGATIVE,0.9980632662773132
1167,2023-02-22 06:12:55,GOOGL,NEGATIVE,0.9989619255065918
1168,2023-02-22 06:12:55,GOOGL,NEGATIVE,0.9781158566474915
1169,2023-02-22 06:12:55,GOOGL,POSITIVE,0.9992179870605469
1170,2023-02-22 06:12:55,GOOGL,POSITIVE,0.9702123403549194
1171,2023-02-22 06:12:55,GOOGL,NEGATIVE,0.9973137974739075
1172,2023-02-22 06:12:55,GOOGL,POSITIVE,0.9881010055541992
1173,2023-02-22 06:12:55,GOOGL,POSITIVE,0.9158188700675964
1174,2023-02-22 06:12:55,GOOGL,NEGATIVE,0.9994242191314697
1175,2023-02-22 06:12:55,GOOGL,POSITIVE,0.9998680353164673
1176,2023-02-22 06:12:55,GOOGL,NEGATIVE,0.9968889355659485
1177,2023-02-22 06:12:55,GOOGL,POSITIVE,0.9942564368247986
1178,2023-02-22 06:12:55,GOOGL,NEGATIVE,0.9970454573631287
1179,2023-02-22 06:12:55,GOOGL,NEGATIVE,0.9977219700813293
1180,2023-02-22 06:12:55,GOOGL,NEGATIVE,0.9996755123138428
1181,2023-02-22 06:12:55,GOOGL,NEGATIVE,0.9980348944664001
1182,2023-02-22 06:12:55,GOOGL,NEGATIVE,0.9978880286216736
1183,2023-02-22 06:12:55,GOOGL,NEGATIVE,0.9929365515708923
1184,2023-02-22 06:12:55,GOOGL,POSITIVE,0.9985585808753967
1185,2023-02-22 06:12:55,GOOGL,POSITIVE,0.9968830347061157
1186,2023-02-22 06:12:55,GOOGL,POSITIVE,0.9979948997497559
1187,2023-02-22 06:12:55,GOOGL,NEGATIVE,0.9178018569946289
1188,2023-02-22 06:12:55,GOOGL,NEGATIVE,0.9695208072662354
1189,2023-02-22 06:12:55,GOOGL,NEGATIVE,0.9996616840362549
1190,2023-02-22 06:12:55,GOOGL,POSITIVE,0.9988207221031189
1191,2023-02-22 06:12:55,GOOGL,POSITIVE,0.9982884526252747
1192,2023-02-22 06:12:55,GOOGL,NEGATIVE,0.9987537860870361
1193,2023-02-22 06:12:55,GOOGL,NEGATIVE,0.9885156154632568
1194,2023-02-22 06:12:55,GOOGL,POSITIVE,0.9982811212539673
1195,2023-02-22 06:12:55,GOOGL,NEGATIVE,0.9883684515953064
1196,2023-02-22 06:12:55,GOOGL,POSITIVE,0.9997507929801941
1197,2023-02-22 06:12:55,GOOGL,NEGATIVE,0.999077558517456
1198,2023-02-22 06:12:55,GOOGL,POSITIVE,0.9996156692504883
1199,2023-02-22 06:12:55,GOOGL,NEGATIVE,0.9994547963142395
1200,2023-02-22 06:12:55,GOOGL,POSITIVE,0.9989566802978516
1201,2023-02-22 06:12:55,GOOGL,NEGATIVE,0.9995094537734985
1203,2023-02-22 06:12:55,GOOGL,NEGATIVE,0.9995040893554688
1204,2023-02-22 06:12:55,GOOGL,NEGATIVE,0.9989393353462219
1206,2023-02-22 06:12:55,GOOGL,NEGATIVE,0.9960326552391052
1207,2023-02-22 06:12:55,GOOGL,NEGATIVE,0.995664656162262
1208,2023-02-22 06:12:55,GOOGL,POSITIVE,0.967885434627533
1209,2023-02-22 06:12:55,GOOGL,NEGATIVE,0.9971122741699219
1210,2023-02-22 06:12:55,GOOGL,NEGATIVE,0.9946737289428711
1211,2023-02-22 06:12:55,GOOGL,NEGATIVE,0.9996544122695923
1212,2023-02-22 06:12:55,GOOGL,POSITIVE,0.999845027923584
1214,2023-02-22 06:12:55,GOOGL,NEGATIVE,0.9995030164718628
1215,2023-02-22 06:12:55,GOOGL,POSITIVE,0.999803364276886
1216,2023-02-22 06:12:55,GOOGL,NEGATIVE,0.9988634586334229
1217,2023-02-22 06:12:55,GOOGL,NEGATIVE,0.9990739822387695
1218,2023-02-22 06:12:55,GOOGL,NEGATIVE,0.9991664886474609
1219,2023-02-22 06:12:55,GOOGL,NEGATIVE,0.9891668558120728
1220,2023-02-22 06:12:55,GOOGL,NEGATIVE,0.9997754693031311
1221,2023-02-22 06:12:55,GOOGL,NEGATIVE,0.9987418055534363
1222,2023-02-22 06:12:55,GOOGL,NEGATIVE,0.9982250332832336
1223,2023-02-22 06:12:55,GOOGL,POSITIVE,0.9801674485206604
1224,2023-02-22 06:12:55,GOOGL,NEGATIVE,0.9985405206680298
1225,2023-02-22 06:12:55,GOOGL,NEGATIVE,0.9978316426277161
1226,2023-02-22 06:12:55,GOOGL,NEGATIVE,0.9758006930351257
1227,2023-02-22 06:12:55,GOOGL,NEGATIVE,0.9990200996398926
1228,2023-02-22 06:12:55,GOOGL,NEGATIVE,0.9994564652442932
1229,2023-02-22 06:12:55,GOOGL,NEGATIVE,0.9983841180801392
1230,2023-02-22 06:12:55,GOOGL,POSITIVE,0.9872151613235474
1231,2023-02-22 06:12:55,GOOGL,NEGATIVE,0.5235536098480225
1232,2023-02-22 06:12:55,GOOGL,POSITIVE,0.9925605058670044
1233,2023-02-22 06:12:55,GOOGL,NEGATIVE,0.9993436932563782
1234,2023-02-22 06:12:55,GOOGL,POSITIVE,0.9739087224006653
1235,2023-02-22 06:12:55,GOOGL,NEGATIVE,0.819750189781189
1236,2023-02-22 06:12:55,GOOGL,NEGATIVE,0.9995675683021545
1237,2023-02-22 06:12:55,GOOGL,NEGATIVE,0.9984656572341919
1238,2023-02-22 06:12:55,GOOGL,NEGATIVE,0.994867205619812
1239,2023-02-22 06:12:55,GOOGL,NEGATIVE,0.9990948438644409
1240,2023-02-22 06:12:55,GOOGL,NEGATIVE,0.9944589138031006
1241,2023-02-22 06:12:55,GOOGL,NEGATIVE,0.9993402361869812
1242,2023-02-22 06:12:55,GOOGL,POSITIVE,0.9958827495574951
1243,2023-02-22 06:12:55,GOOGL,POSITIVE,0.9998362064361572
1244,2023-02-22 06:12:55,GOOGL,NEGATIVE,0.9861900806427002
1245,2023-02-22 06:12:55,GOOGL,NEGATIVE,0.9995328187942505
1246,2023-02-22 06:12:55,GOOGL,NEGATIVE,0.9915307760238647
1247,2023-02-22 06:12:55,GOOGL,NEGATIVE,0.9984508752822876
1248,2023-02-22 06:12:55,GOOGL,NEGATIVE,0.9987987279891968
1249,2023-02-22 06:12:55,GOOGL,NEGATIVE,0.9969924688339233
1250,2023-02-22 06:12:55,GOOGL,NEGATIVE,0.9950401186943054
1251,2023-02-22 06:12:55,GOOGL,NEGATIVE,0.9879946112632751
1252,2023-02-22 06:12:55,GOOGL,POSITIVE,0.9690311551094055
1253,2023-02-22 06:12:55,GOOGL,NEGATIVE,0.9996820688247681
1254,2023-02-22 06:12:55,GOOGL,NEGATIVE,0.9498144388198853
1255,2023-02-22 06:12:55,GOOGL,POSITIVE,0.9383701682090759
1256,2023-02-22 06:12:55,GOOGL,NEGATIVE,0.9940540194511414
1258,2023-02-22 06:12:55,GOOGL,POSITIVE,0.9931305050849915
1259,2024-07-25 01:35:22,GOOGL,NEGATIVE,0.9850015640258789
1260,2024-07-25 01:35:22,GOOGL,NEGATIVE,0.9610111713409424
1261,2024-07-25 01:35:22,GOOGL,NEGATIVE,0.9962322115898132
1262,2024-07-25 01:35:22,GOOGL,POSITIVE,0.9989365935325623
1263,2024-07-25 01:35:22,GOOGL,NEGATIVE,0.9952555298805237
1264,2024-07-25 01:35:22,GOOGL,POSITIVE,0.800601065158844
1265,2024-07-25 01:35:22,GOOGL,POSITIVE,0.9998270869255066
1266,2024-07-25 01:35:22,GOOGL,NEGATIVE,0.9932355284690857
1267,2024-07-25 01:35:22,GOOGL,POSITIVE,0.9995548129081726
1268,2024-07-25 01:35:22,GOOGL,NEGATIVE,0.99922776222229
1269,2024-07-25 01:35:22,GOOGL,NEGATIVE,0.9995026588439941
1270,2024-07-25 01:35:22,GOOGL,NEGATIVE,0.9997346997261047
1271,2024-07-25 01:35:22,GOOGL,NEGATIVE,0.9976038336753845
1272,2024-07-25 01:35:22,GOOGL,NEGATIVE,0.9996151924133301
1273,2024-07-25 01:35:22,GOOGL,NEGATIVE,0.9929934144020081
1274,2024-07-25 01:35:22,GOOGL,NEGATIVE,0.9992903470993042
1275,2024-07-25 01:35:22,GOOGL,POSITIVE,0.9943467974662781
1276,2024-07-25 01:35:22,GOOGL,NEGATIVE,0.9960634112358093
1277,2024-07-25 01:35:22,GOOGL,NEGATIVE,0.9991534948348999
1278,2024-07-25 01:35:22,GOOGL,NEGATIVE,0.9997172951698303
1279,2024-07-25 01:35:22,GOOGL,POSITIVE,0.9724924564361572
1280,2024-07-25 01:35:22,GOOGL,NEGATIVE,0.9967317581176758
1281,2024-07-25 01:35:22,GOOGL,NEGATIVE,0.9989948868751526
1282,2024-07-25 01:35:22,GOOGL,POSITIVE,0.979832649230957
1283,2024-07-25 01:35:22,GOOGL,NEGATIVE,0.9969061017036438
1284,2024-07-25 01:35:22,GOOGL,NEGATIVE,0.988603949546814
1285,2024-07-25 01:35:22,GOOGL,NEGATIVE,0.980105459690094
1286,2024-07-25 01:35:22,GOOGL,POSITIVE,0.7233537435531616
1287,2024-07-25 01:35:22,GOOGL,NEGATIVE,0.981225311756134
1288,2024-07-25 01:35:22,GOOGL,NEGATIVE,0.9889434576034546
1289,2024-07-25 01:35:22,GOOGL,NEGATIVE,0.999106228351593
1290,2024-07-25 01:35:22,GOOGL,POSITIVE,0.9667283296585083
1291,2024-07-25 01:35:22,GOOGL,POSITIVE,0.6576202511787415
1292,2024-07-25 01:35:22,GOOGL,NEGATIVE,0.9993676543235779
1293,2024-07-25 01:35:22,GOOGL,POSITIVE,0.8848379254341125
1294,2024-07-25 01:35:22,GOOGL,NEGATIVE,0.9996235370635986
1295,2024-07-25 01:35:22,GOOGL,NEGATIVE,0.8602100014686584
1296,2024-07-25 01:35:22,GOOGL,NEGATIVE,0.9991216063499451
1297,2024-07-25 01:35:22,GOOGL,POSITIVE,0.9997212290763855
1298,2024-07-25 01:35:22,GOOGL,NEGATIVE,0.9992642998695374
1299,2024-07-25 01:35:22,GOOGL,NEGATIVE,0.9997767806053162
1300,2024-07-25 01:35:22,GOOGL,NEGATIVE,0.9981849789619446
1301,2024-07-25 01:35:22,GOOGL,NEGATIVE,0.8052791953086853
1302,2024-07-25 01:35:22,GOOGL,NEGATIVE,0.9813907146453857
1303,2024-07-25 01:35:22,GOOGL,NEGATIVE,0.9997523427009583
1304,2024-07-25 01:35:22,GOOGL,NEGATIVE,0.8888620734214783
1305,2024-07-25 01:35:22,GOOGL,NEGATIVE,0.9551072716712952
1306,2024-07-25 01:35:22,GOOGL,NEGATIVE,0.9994463324546814
1307,2024-07-25 01:35:22,GOOGL,NEGATIVE,0.8580520749092102
1308,2024-07-25 01:35:22,GOOGL,NEGATIVE,0.9438177943229675
1309,2024-07-25 01:35:22,GOOGL,POSITIVE,0.9919946193695068
1310,2024-07-25 01:35:22,GOOGL,NEGATIVE,0.9814974069595337
1311,2024-07-25 01:35:22,GOOGL,NEGATIVE,0.9346137642860413
1312,2024-07-25 01:35:22,GOOGL,NEGATIVE,0.9920893907546997
1313,2024-07-25 01:35:22,GOOGL,NEGATIVE,0.8652121424674988
1314,2024-07-25 01:35:22,GOOGL,NEGATIVE,0.9989232420921326
1315,2024-07-25 01:35:22,GOOGL,POSITIVE,0.9961146116256714
1316,2024-07-25 01:35:22,GOOGL,NEGATIVE,0.9996340274810791
1317,2024-07-25 01:35:22,GOOGL,NEGATIVE,0.999733030796051
1318,2024-07-25 01:35:22,GOOGL,NEGATIVE,0.999228835105896
1319,2024-07-25 01:35:22,GOOGL,NEGATIVE,0.9996832609176636
1320,2024-07-25 01:35:22,GOOGL,NEGATIVE,0.9994189739227295
1321,2024-07-25 01:35:22,GOOGL,NEGATIVE,0.9967824220657349
1322,2024-07-25 01:35:22,GOOGL,NEGATIVE,0.9985054731369019
1323,2024-07-25 01:35:22,GOOGL,POSITIVE,0.9984519481658936
1324,2024-07-25 01:35:22,GOOGL,NEGATIVE,0.9984283447265625
1325,2024-07-25 01:35:22,GOOGL,POSITIVE,0.995404839515686
1326,2024-07-25 01:35:22,GOOGL,NEGATIVE,0.992356538772583
1327,2024-07-25 01:35:22,GOOGL,NEGATIVE,0.8117265701293945
1328,2024-07-25 01:35:22,GOOGL,NEGATIVE,0.9994866847991943
1330,2024-07-25 01:35:22,GOOGL,NEGATIVE,0.9994516968727112
1331,2024-07-25 01:35:22,GOOGL,NEGATIVE,0.9987917542457581
1332,2024-07-25 01:35:22,GOOGL,NEGATIVE,0.9995410442352295
1333,2024-07-25 01:35:22,GOOGL,POSITIVE,0.9949415326118469
1334,2024-07-25 01:35:22,GOOGL,NEGATIVE,0.9871828556060791
1335,2024-07-25 01:35:22,GOOGL,NEGATIVE,0.9996757507324219
1336,2024-07-25 01:35:22,GOOGL,POSITIVE,0.99883633852005
1337,2024-07-25 01:35:22,GOOGL,NEGATIVE,0.9958867430686951
1338,2024-07-25 01:35:22,GOOGL,POSITIVE,0.9998719692230225
1339,2024-07-25 01:35:22,GOOGL,NEGATIVE,0.9760922193527222
1340,2024-07-25 01:35:22,GOOGL,NEGATIVE,0.9988151788711548
1341,2024-07-25 01:35:22,GOOGL,NEGATIVE,0.9951903820037842
1342,2024-07-25 01:35:22,GOOGL,NEGATIVE,0.9996440410614014
1343,2024-07-25 01:35:22,GOOGL,NEGATIVE,0.999782383441925
1344,2024-07-25 01:35:22,GOOGL,NEGATIVE,0.9995654225349426
1345,2024-07-25 01:35:22,GOOGL,NEGATIVE,0.9959281086921692
1346,2024-07-25 01:35:22,GOOGL,NEGATIVE,0.9995679259300232
1347,2024-07-25 01:35:22,GOOGL,NEGATIVE,0.9996235370635986
1348,2024-07-25 01:35:22,GOOGL,NEGATIVE,0.9996925592422485
1349,2024-07-25 01:35:22,GOOGL,POSITIVE,0.9981398582458496
1350,2024-07-25 01:35:22,GOOGL,NEGATIVE,0.9924917817115784
1351,2024-07-25 01:35:22,GOOGL,NEGATIVE,0.9995812773704529
1352,2024-07-25 01:35:22,GOOGL,NEGATIVE,0.9941847920417786
1353,2024-07-25 01:35:22,GOOGL,NEGATIVE,0.9985538125038147
1354,2024-07-25 01:35:22,GOOGL,NEGATIVE,0.9975160360336304
1355,2024-07-25 01:35:22,GOOGL,NEGATIVE,0.9845268726348877
1356,2024-07-25 01:35:22,GOOGL,POSITIVE,0.980511486530304
1357,2024-07-25 01:35:22,GOOGL,NEGATIVE,0.9513372182846069
1358,2024-07-25 01:35:22,GOOGL,NEGATIVE,0.9972637891769409
1359,2024-07-25 01:35:22,GOOGL,NEGATIVE,0.9914981722831726
1360,2024-07-25 01:35:22,GOOGL,NEGATIVE,0.9960888624191284
1361,2024-07-25 01:35:22,GOOGL,NEGATIVE,0.9804791212081909
1362,2024-07-25 01:35:22,GOOGL,NEGATIVE,0.9544957876205444
1363,2024-07-25 01:35:22,GOOGL,NEGATIVE,0.9997753500938416
1364,2024-07-25 01:35:22,GOOGL,NEGATIVE,0.99598628282547
1365,2024-07-25 01:35:22,GOOGL,NEGATIVE,0.9992334842681885
1366,2024-07-25 01:35:22,GOOGL,NEGATIVE,0.9996378421783447
1367,2024-07-25 01:35:22,GOOGL,NEGATIVE,0.9994235038757324
1368,2024-07-25 01:35:22,GOOGL,NEGATIVE,0.9707841277122498
1369,2024-07-25 01:35:22,GOOGL,NEGATIVE,0.9995273351669312
1370,2024-07-25 01:35:22,GOOGL,NEGATIVE,0.559706449508667
1371,2024-07-25 01:35:22,GOOGL,NEGATIVE,0.999360978603363
1372,2024-07-25 01:35:22,GOOGL,NEGATIVE,0.999640703201294
1373,2024-07-25 01:35:22,GOOGL,POSITIVE,0.809769868850708
1374,2024-07-25 01:35:22,GOOGL,NEGATIVE,0.9982580542564392
1375,2024-07-25 01:35:22,GOOGL,POSITIVE,0.9994440674781799
1376,2024-07-25 01:35:22,GOOGL,NEGATIVE,0.9977836012840271
1377,2024-07-25 01:35:22,GOOGL,NEGATIVE,0.9997870326042175
1378,2024-07-25 01:35:22,GOOGL,NEGATIVE,0.9950459003448486
1379,2024-07-25 01:35:22,GOOGL,NEGATIVE,0.665691077709198
1380,2024-07-25 01:35:22,GOOGL,POSITIVE,0.7867066264152527
1381,2024-07-25 01:35:22,GOOGL,NEGATIVE,0.9959856867790222
1382,2024-07-25 01:35:22,GOOGL,POSITIVE,0.993753969669342
1383,2024-07-25 01:35:22,GOOGL,NEGATIVE,0.9900328516960144
1384,2024-07-25 01:35:22,GOOGL,NEGATIVE,0.9779723882675171
1385,2024-07-25 01:35:22,GOOGL,NEGATIVE,0.5132700204849243
1386,2024-07-25 01:35:22,GOOGL,POSITIVE,0.998046875
1387,2024-07-25 01:35:22,GOOGL,NEGATIVE,0.9990324974060059
1388,2024-07-25 01:35:22,GOOGL,NEGATIVE,0.9551812410354614
1389,2024-07-25 01:35:22,GOOGL,POSITIVE,0.9972585439682007
1390,2024-07-25 01:35:22,GOOGL,NEGATIVE,0.993618369102478
1391,2024-07-25 01:35:22,GOOGL,POSITIVE,0.999846339225769
1392,2024-07-25 01:35:22,GOOGL,POSITIVE,0.9993269443511963
1393,2024-07-25 01:35:22,GOOGL,NEGATIVE,0.9929032921791077
1394,2024-07-25 01:35:22,GOOGL,POSITIVE,0.9941198825836182
1395,2024-07-25 01:35:22,GOOGL,NEGATIVE,0.9984684586524963
1396,2024-07-25 01:35:22,GOOGL,NEGATIVE,0.999690055847168
1397,2024-07-25 01:35:22,GOOGL,NEGATIVE,0.8535078763961792
1398,2024-07-25 01:35:22,GOOGL,POSITIVE,0.993144154548645
1399,2024-07-25 01:35:22,GOOGL,NEGATIVE,0.9994412064552307
1400,2024-07-25 01:35:22,GOOGL,NEGATIVE,0.9997894167900085
1401,2024-07-25 01:35:22,GOOGL,NEGATIVE,0.9889334440231323
1402,2024-07-25 01:35:22,GOOGL,NEGATIVE,0.9853762984275818
1403,2024-07-25 01:35:22,GOOGL,POSITIVE,0.998910665512085
1404,2024-07-25 01:35:22,GOOGL,POSITIVE,0.999796450138092
1405,2024-07-25 01:35:22,GOOGL,NEGATIVE,0.9706263542175293
1406,2024-07-25 01:35:22,GOOGL,NEGATIVE,0.997683048248291
1407,2024-07-25 01:35:22,GOOGL,NEGATIVE,0.9958961009979248
1408,2024-07-25 01:35:22,GOOGL,POSITIVE,0.9997871518135071
1410,2024-07-25 01:35:22,GOOGL,POSITIVE,0.9984752535820007
1411,2024-07-25 01:35:22,GOOGL,NEGATIVE,0.9596382975578308
1412,2024-07-25 01:35:22,GOOGL,NEGATIVE,0.9872820973396301
1413,2024-07-25 01:35:22,GOOGL,NEGATIVE,0.9987046718597412
1414,2024-07-25 01:35:22,GOOGL,NEGATIVE,0.7482263445854187
1415,2024-07-25 01:35:22,GOOGL,NEGATIVE,0.9875697493553162
1416,2024-07-25 01:35:22,GOOGL,NEGATIVE,0.9837074875831604
1417,2024-07-25 01:35:22,GOOGL,NEGATIVE,0.9993259906768799
1418,2024-07-25 01:35:22,GOOGL,POSITIVE,0.9997263550758362
1419,2024-07-25 01:35:22,GOOGL,NEGATIVE,0.9957166314125061
1420,2024-07-25 01:35:22,GOOGL,POSITIVE,0.9953586459159851
1421,2024-07-25 01:35:22,GOOGL,POSITIVE,0.9998865127563477
1422,2024-07-25 01:35:22,GOOGL,POSITIVE,0.998814582824707
1423,2024-07-25 01:35:22,GOOGL,NEGATIVE,0.9997599720954895
1424,2024-07-25 01:35:22,GOOGL,NEGATIVE,0.9549658298492432
1425,2024-07-25 01:35:22,GOOGL,POSITIVE,0.712263286113739
1426,2024-07-25 01:35:22,GOOGL,NEGATIVE,0.9996414184570312
1427,2024-07-25 01:35:22,GOOGL,NEGATIVE,0.9981902241706848
1428,2024-07-25 01:35:22,GOOGL,NEGATIVE,0.9980583786964417
1429,2024-07-25 01:35:22,GOOGL,NEGATIVE,0.99527907371521
1430,2024-07-25 01:35:22,GOOGL,NEGATIVE,0.9805553555488586
1431,2024-07-25 01:35:22,GOOGL,NEGATIVE,0.9996422529220581
1432,2024-07-25 01:35:22,GOOGL,NEGATIVE,0.9987590312957764
1433,2024-07-25 01:35:22,GOOGL,POSITIVE,0.9974935054779053
1434,2024-07-25 01:35:22,GOOGL,POSITIVE,0.9797317385673523
1435,2024-07-25 01:35:22,GOOGL,NEGATIVE,0.9797652363777161
1436,2024-07-25 01:35:22,GOOGL,POSITIVE,0.9805725812911987
1437,2024-07-25 01:35:22,GOOGL,NEGATIVE,0.9980881810188293
1438,2024-07-25 01:35:22,GOOGL,NEGATIVE,0.9925329685211182
1439,2024-07-25 01:35:22,GOOGL,NEGATIVE,0.9901247024536133
1440,2024-07-25 01:35:22,GOOGL,NEGATIVE,0.9810475707054138
1441,2024-07-25 01:35:22,GOOGL,NEGATIVE,0.9979248046875
1442,2024-07-25 01:35:22,GOOGL,NEGATIVE,0.995807409286499
1443,2024-07-25 01:35:22,GOOGL,NEGATIVE,0.9972276091575623
1444,2024-07-25 01:35:22,GOOGL,POSITIVE,0.9832914471626282
1445,2024-07-25 01:35:22,GOOGL,NEGATIVE,0.9989635944366455
1446,2024-07-25 01:35:22,GOOGL,NEGATIVE,0.980773389339447
1447,2024-07-25 01:35:22,GOOGL,NEGATIVE,0.948036789894104
1448,2024-07-25 01:35:22,GOOGL,NEGATIVE,0.5138872265815735
1449,2024-07-25 01:35:22,GOOGL,NEGATIVE,0.9993183612823486
1450,2024-07-25 01:35:22,GOOGL,NEGATIVE,0.9965047836303711
1451,2024-07-25 01:35:22,GOOGL,NEGATIVE,0.9983677268028259
1452,2024-07-25 01:35:22,GOOGL,NEGATIVE,0.8761839866638184
1453,2024-07-25 01:35:22,GOOGL,NEGATIVE,0.998847484588623
1454,2024-07-25 01:35:22,GOOGL,NEGATIVE,0.7159810066223145
1455,2024-07-25 01:35:22,GOOGL,POSITIVE,0.9954814910888672
1456,2024-07-25 01:35:22,GOOGL,NEGATIVE,0.9644293189048767
1457,2024-07-25 01:35:22,GOOGL,NEGATIVE,0.9969610571861267
1458,2024-07-25 01:35:22,GOOGL,NEGATIVE,0.9994592070579529
1459,2024-07-25 01:35:22,GOOGL,NEGATIVE,0.9896320104598999
1460,2024-07-25 01:35:22,GOOGL,NEGATIVE,0.9906421303749084
1461,2024-07-25 01:35:22,GOOGL,NEGATIVE,0.8619647026062012
1462,2024-07-25 01:35:22,GOOGL,NEGATIVE,0.9933370351791382
1463,2024-07-25 01:35:22,GOOGL,NEGATIVE,0.9983674883842468
1464,2024-07-25 01:35:22,GOOGL,NEGATIVE,0.9967437982559204
1465,2024-07-25 01:35:22,GOOGL,NEGATIVE,0.9993522763252258
1466,2024-07-25 01:35:22,GOOGL,NEGATIVE,0.985064685344696
1467,2024-07-25 01:35:22,GOOGL,NEGATIVE,0.9901595711708069
1468,2024-07-25 01:35:22,GOOGL,NEGATIVE,0.9996470212936401
1469,2024-07-25 01:35:22,GOOGL,NEGATIVE,0.9988539218902588
1470,2024-07-25 01:35:22,GOOGL,NEGATIVE,0.9840940833091736
1471,2024-07-25 01:35:22,GOOGL,NEGATIVE,0.9997023940086365
1472,2024-07-25 01:35:22,GOOGL,NEGATIVE,0.9928942322731018
1473,2024-07-25 01:35:22,GOOGL,NEGATIVE,0.827130913734436
1474,2024-07-25 01:35:22,GOOGL,NEGATIVE,0.9987372756004333
1475,2024-07-25 01:35:22,GOOGL,POSITIVE,0.5067135095596313
1476,2024-07-25 01:35:22,GOOGL,NEGATIVE,0.9968829154968262
1477,2024-07-25 01:35:22,GOOGL,POSITIVE,0.854400634765625
1478,2024-07-25 01:35:22,GOOGL,NEGATIVE,0.9985803365707397
1479,2024-07-25 01:35:22,GOOGL,NEGATIVE,0.9979491829872131
1480,2024-07-25 01:35:22,GOOGL,NEGATIVE,0.9989571571350098
1481,2024-07-25 01:35:22,GOOGL,POSITIVE,0.869747519493103
1482,2024-07-25 01:35:22,GOOGL,NEGATIVE,0.969399094581604
1483,2024-07-25 01:35:22,GOOGL,NEGATIVE,0.9564889669418335
1484,2024-07-25 01:35:22,GOOGL,POSITIVE,0.991921067237854
1485,2024-07-25 01:35:22,GOOGL,POSITIVE,0.8870779275894165
1486,2024-07-25 01:35:22,GOOGL,NEGATIVE,0.884175717830658
1487,2024-07-25 01:35:22,GOOGL,NEGATIVE,0.7009573578834534
1488,2024-07-25 01:35:22,GOOGL,POSITIVE,0.998971700668335
1489,2024-07-25 01:35:22,GOOGL,NEGATIVE,0.9997386336326599
1490,2024-07-25 01:35:22,GOOGL,POSITIVE,0.5065833330154419
1491,2024-07-25 01:35:22,GOOGL,NEGATIVE,0.9933726787567139
1492,2024-07-25 01:35:22,GOOGL,NEGATIVE,0.9997469782829285
1493,2024-07-25 01:35:22,GOOGL,NEGATIVE,0.9831779599189758
1494,2024-07-25 01:35:22,GOOGL,NEGATIVE,0.728241503238678
1495,2024-07-25 01:35:22,GOOGL,NEGATIVE,0.9994452595710754
1496,2024-07-25 01:35:22,GOOGL,NEGATIVE,0.965703547000885
1497,2024-07-25 01:35:22,GOOGL,POSITIVE,0.8652430176734924
1499,2024-07-25 01:35:22,GOOGL,NEGATIVE,0.9830568432807922
1500,2024-07-25 01:35:22,GOOGL,NEGATIVE,0.9864386320114136
1501,2024-07-25 01:35:22,GOOGL,NEGATIVE,0.9976263642311096
1502,2024-07-25 01:35:22,GOOGL,NEGATIVE,0.9887620806694031
1503,2024-07-25 01:35:22,GOOGL,NEGATIVE,0.9554023146629333
1504,2024-07-25 01:35:22,GOOGL,NEGATIVE,0.9989240765571594
1505,2024-07-25 01:35:22,GOOGL,NEGATIVE,0.9596050381660461
1506,2024-07-25 01:35:22,GOOGL,POSITIVE,0.9987314343452454
1507,2024-07-25 01:35:22,GOOGL,NEGATIVE,0.9764124155044556
1508,2024-07-25 01:35:22,GOOGL,NEGATIVE,0.9980193376541138
1509,2024-07-25 01:35:22,GOOGL,POSITIVE,0.9734094738960266
1510,2024-07-25 01:35:22,GOOGL,POSITIVE,0.9992913007736206
1511,2024-07-25 01:35:22,GOOGL,NEGATIVE,0.9955049157142639
1512,2024-07-25 01:35:22,GOOGL,POSITIVE,0.5115343332290649
1513,2024-07-25 01:35:22,GOOGL,NEGATIVE,0.9981151819229126
1514,2024-07-25 01:35:22,GOOGL,POSITIVE,0.9956735968589783
1515,2024-07-25 01:35:22,GOOGL,POSITIVE,0.901560366153717
1516,2024-07-25 01:35:22,GOOGL,NEGATIVE,0.9983102083206177
1517,2024-07-25 01:35:22,GOOGL,POSITIVE,0.9997500777244568
1518,2024-07-25 01:35:22,GOOGL,NEGATIVE,0.9897232055664062
1519,2024-07-25 01:35:22,GOOGL,NEGATIVE,0.9886336326599121
1520,2024-07-25 01:35:22,GOOGL,NEGATIVE,0.9673183560371399
1521,2024-07-25 01:35:22,GOOGL,NEGATIVE,0.9983532428741455
1522,2024-07-25 01:35:22,GOOGL,NEGATIVE,0.9377453923225403
1523,2024-07-25 01:35:22,GOOGL,NEGATIVE,0.9996067881584167
1524,2024-07-25 01:35:22,GOOGL,NEGATIVE,0.6790369749069214
1525,2024-07-25 01:35:22,GOOGL,NEGATIVE,0.9995507597923279
1526,2024-07-25 01:35:22,GOOGL,POSITIVE,0.9936932325363159
1527,2024-07-25 01:35:22,GOOGL,POSITIVE,0.9998841285705566
1528,2024-07-25 01:35:22,GOOGL,NEGATIVE,0.9991163611412048
1529,2024-07-25 01:35:22,GOOGL,NEGATIVE,0.9989981055259705
1530,2024-07-25 01:35:22,GOOGL,NEGATIVE,0.7246794104576111
1531,2024-07-25 01:35:22,GOOGL,NEGATIVE,0.954475462436676
1532,2024-07-25 01:35:22,GOOGL,POSITIVE,0.6758622527122498
1533,2024-07-25 01:35:22,GOOGL,NEGATIVE,0.9973834156990051
1534,2024-07-25 01:35:22,GOOGL,NEGATIVE,0.9858766794204712
1535,2024-07-25 01:35:22,GOOGL,NEGATIVE,0.9971156120300293
1536,2024-07-25 01:35:22,GOOGL,POSITIVE,0.9962291121482849
1537,2024-07-25 01:35:22,GOOGL,NEGATIVE,0.9921166300773621
1538,2024-07-25 01:35:22,GOOGL,POSITIVE,0.996358335018158
1539,2024-07-25 01:35:22,GOOGL,NEGATIVE,0.9964715242385864
1540,2024-07-25 01:35:22,GOOGL,NEGATIVE,0.9316171407699585
1541,2024-07-25 01:35:22,GOOGL,POSITIVE,0.9767580628395081
1542,2024-07-25 01:35:22,GOOGL,NEGATIVE,0.9973152279853821
1543,2024-07-25 01:35:22,GOOGL,NEGATIVE,0.9970744848251343
1544,2024-07-25 01:35:22,GOOGL,NEGATIVE,0.9893275499343872
1545,2024-07-25 01:35:22,GOOGL,NEGATIVE,0.8963557481765747
1546,2024-07-25 01:35:22,GOOGL,NEGATIVE,0.9884353876113892
1547,2024-07-25 01:35:22,GOOGL,NEGATIVE,0.9997888207435608
1548,2024-07-25 01:35:22,GOOGL,NEGATIVE,0.9992905855178833
1549,2024-07-25 01:35:22,GOOGL,NEGATIVE,0.9990523457527161
1550,2024-07-25 01:35:22,GOOGL,NEGATIVE,0.9964454770088196
1551,2024-07-25 01:35:22,GOOGL,NEGATIVE,0.9992713332176208
1552,2024-07-25 01:35:22,GOOGL,NEGATIVE,0.9892964959144592
1554,2024-07-25 01:35:22,GOOGL,NEGATIVE,0.9242229461669922
1555,2024-07-25 01:35:22,GOOGL,POSITIVE,0.9955503940582275
1556,2024-07-25 01:35:22,GOOGL,NEGATIVE,0.9854195713996887
1557,2024-07-25 01:35:22,GOOGL,NEGATIVE,0.9699020385742188
1558,2024-07-25 01:35:22,GOOGL,NEGATIVE,0.9970188140869141
1559,2024-07-25 01:35:22,GOOGL,POSITIVE,0.8819195628166199
1560,2024-07-25 01:35:22,GOOGL,NEGATIVE,0.995186984539032
1561,2024-07-25 01:35:22,GOOGL,NEGATIVE,0.9906298518180847
1562,2024-07-25 01:35:22,GOOGL,POSITIVE,0.9971961975097656
1563,2024-07-25 01:35:22,GOOGL,NEGATIVE,0.9973559379577637
1564,2024-07-25 01:35:22,GOOGL,POSITIVE,0.9851579070091248
1565,2024-07-25 01:35:22,GOOGL,POSITIVE,0.5850412249565125
1566,2024-07-25 01:35:22,GOOGL,NEGATIVE,0.9935949444770813
1567,2024-07-25 01:35:22,GOOGL,NEGATIVE,0.9356461763381958
1568,2024-07-25 01:35:22,GOOGL,POSITIVE,0.9834203720092773
1569,2024-07-25 01:35:22,GOOGL,NEGATIVE,0.9976987242698669
1570,2024-07-25 01:35:22,GOOGL,POSITIVE,0.9926847219467163
1571,2024-07-25 01:35:22,GOOGL,NEGATIVE,0.9990345239639282
1572,2024-07-25 01:35:22,GOOGL,POSITIVE,0.9950917959213257
1573,2024-07-25 01:35:22,GOOGL,NEGATIVE,0.9991069436073303
1574,2024-07-25 01:35:22,GOOGL,POSITIVE,0.9888951778411865
1575,2024-07-25 01:35:22,GOOGL,NEGATIVE,0.9775186777114868
1576,2024-07-25 01:35:22,GOOGL,NEGATIVE,0.999221920967102
1577,2024-07-25 01:35:22,GOOGL,NEGATIVE,0.9984726309776306
1578,2024-07-25 01:35:22,GOOGL,POSITIVE,0.995081901550293
1579,2024-07-25 01:35:22,GOOGL,NEGATIVE,0.9954748749732971
1580,2024-07-25 01:35:22,GOOGL,NEGATIVE,0.9996991157531738
1581,2024-07-25 01:35:22,GOOGL,NEGATIVE,0.9996336698532104
1582,2024-07-25 01:35:22,GOOGL,NEGATIVE,0.9997822642326355
1583,2024-07-25 01:35:22,GOOGL,POSITIVE,0.9854728579521179
1584,2024-07-25 01:35:22,GOOGL,NEGATIVE,0.9972986578941345
1585,2024-07-25 01:35:22,GOOGL,NEGATIVE,0.9051053524017334
1586,2024-07-25 01:35:22,GOOGL,NEGATIVE,0.9914087653160095
1587,2024-07-25 01:35:22,GOOGL,NEGATIVE,0.9603291749954224
1588,2024-07-25 01:35:22,GOOGL,NEGATIVE,0.9874340891838074
1589,2024-07-25 01:35:22,GOOGL,POSITIVE,0.9593071937561035
1590,2024-07-25 01:35:22,GOOGL,NEGATIVE,0.9994111061096191
1591,2024-07-25 01:35:22,GOOGL,NEGATIVE,0.925861120223999
1592,2024-07-25 01:35:22,GOOGL,NEGATIVE,0.9960246086120605
1593,2024-07-25 01:35:22,GOOGL,NEGATIVE,0.9957525730133057
